,peptide,mhc,binding
410,DELRRKMMY,HLA-B*44:02,1
411,HESHLVRSW,HLA-B*44:02,1
1820333,LLYQNQVLR,HLA-B*44:02,0
1820334,GTTSQDSAL,HLA-B*44:02,0
1820335,KKRRSIYDT,HLA-B*44:02,0
1820336,KTLLKRRSE,HLA-B*44:02,0
1820337,IQGCFWLFG,HLA-B*44:02,0
1820338,TKLILQFLA,HLA-B*44:02,0
1820339,FSLFGISYT,HLA-B*44:02,0
1820340,LETLSSEQK,HLA-B*44:02,0
1820341,HPGGSADGP,HLA-B*44:02,0
1820342,QQILPDGSL,HLA-B*44:02,0
1820343,WDPAWTLIG,HLA-B*44:02,0
1820344,DDVKTEAVA,HLA-B*44:02,0
1820345,AQRASWIGY,HLA-B*44:02,0
1820346,SLSKDGGKK,HLA-B*44:02,0
1820347,SYLHNQGIG,HLA-B*44:02,0
1820348,RAPIIRVGG,HLA-B*44:02,0
1820349,VLSLSMLSI,HLA-B*44:02,0
1820350,VKLDNMNVS,HLA-B*44:02,0
1820351,VSLSRHGGS,HLA-B*44:02,0
1820352,CGKLINAVE,HLA-B*44:02,0
1820353,CKVCRSCPV,HLA-B*44:02,0
1820354,RWMQNFWAT,HLA-B*44:02,0
1820355,PVVSNELLE,HLA-B*44:02,0
1820356,GLGEAPNGA,HLA-B*44:02,0
1820357,EIEELYNNP,HLA-B*44:02,0
1820358,RPEYCVVFW,HLA-B*44:02,0
1820359,TYLEMDRRD,HLA-B*44:02,0
1820360,ISEPGSYYV,HLA-B*44:02,0
1820361,HPRLWRLLA,HLA-B*44:02,0
1820362,ERKKKLKLE,HLA-B*44:02,0
1820363,KAQLLQCQH,HLA-B*44:02,0
1820364,AAGFDGNSI,HLA-B*44:02,0
1820365,AEEILSRSI,HLA-B*44:02,0
1820366,ETPKLTTSE,HLA-B*44:02,0
1820367,GLVRPEEVA,HLA-B*44:02,0
1820368,AAKTIDEME,HLA-B*44:02,0
1820369,APAPQRTKA,HLA-B*44:02,0
1820370,KPYGPYDRG,HLA-B*44:02,0
1820371,MKLSCLVNV,HLA-B*44:02,0
1820372,TVPMAEEPE,HLA-B*44:02,0
1820373,HMLLLAIQE,HLA-B*44:02,0
1820374,GRLLREELA,HLA-B*44:02,0
1820375,HLQYEFTKL,HLA-B*44:02,0
1820376,TDTAQDIPT,HLA-B*44:02,0
1820377,SPRAALDGG,HLA-B*44:02,0
1820378,FIQEIRRQL,HLA-B*44:02,0
1820379,ESYHKPDQQ,HLA-B*44:02,0
1820380,DSVFVIVNK,HLA-B*44:02,0
1820381,MELFIRLKE,HLA-B*44:02,0
1820382,TVQPWIAPP,HLA-B*44:02,0
1820383,TLNTESTRI,HLA-B*44:02,0
1820384,LLAKESLKS,HLA-B*44:02,0
1820385,DGKFEKTIS,HLA-B*44:02,0
1820386,NGKFVTSKK,HLA-B*44:02,0
1820387,ALGQLTGGY,HLA-B*44:02,0
1820388,LLSPTAFSY,HLA-B*44:02,0
1820389,VATLAWMVI,HLA-B*44:02,0
1820390,PMSIISLLD,HLA-B*44:02,0
1820391,HRDDRSTDR,HLA-B*44:02,0
1820392,CRQLAEKRM,HLA-B*44:02,0
1820393,MNEDSNEEE,HLA-B*44:02,0
1820394,RDSRALIEK,HLA-B*44:02,0
1820395,PDHMYLYQH,HLA-B*44:02,0
1820396,VLGNQIMPG,HLA-B*44:02,0
1820397,GNLKQVRIE,HLA-B*44:02,0
1820398,EAELLNLRK,HLA-B*44:02,0
1820399,RNHPNAKVL,HLA-B*44:02,0
1820400,SSPYYPSYY,HLA-B*44:02,0
1820401,ENMHWEWSH,HLA-B*44:02,0
1820402,LLDKMRSLK,HLA-B*44:02,0
1820403,KGLCFLDQQ,HLA-B*44:02,0
1820404,KKVAKVTVK,HLA-B*44:02,0
1820405,DDGQTKDTV,HLA-B*44:02,0
1820406,GIPEKDIKE,HLA-B*44:02,0
1820407,PRARWYDYY,HLA-B*44:02,0
1820408,KGKRNKGGR,HLA-B*44:02,0
1820409,LLLSSVTKV,HLA-B*44:02,0
1820410,RALTACQAL,HLA-B*44:02,0
1820411,MSTLLREIN,HLA-B*44:02,0
1820412,IVWGKVWPD,HLA-B*44:02,0
1820413,YFPRARWYD,HLA-B*44:02,0
1820414,KRKSLDTES,HLA-B*44:02,0
1820415,DEVEVATEP,HLA-B*44:02,0
1820416,SCVLYDRIQ,HLA-B*44:02,0
1820417,QPPGYKKNS,HLA-B*44:02,0
1820418,IIGCVLSAD,HLA-B*44:02,0
1820419,DQSFTLELE,HLA-B*44:02,0
1820420,LMSITQEET,HLA-B*44:02,0
1820421,IEIWGVGSV,HLA-B*44:02,0
1820422,EEEEEVFES,HLA-B*44:02,0
1820423,EEILPATRG,HLA-B*44:02,0
1820424,VFAIANNCY,HLA-B*44:02,0
1820425,NDDMEKANH,HLA-B*44:02,0
1820426,IQKMLQTDP,HLA-B*44:02,0
1820427,NSTSEDIRR,HLA-B*44:02,0
1820428,ETSKVTLKE,HLA-B*44:02,0
1820429,PGVETDLID,HLA-B*44:02,0
1820430,HQQFLWGPG,HLA-B*44:02,0
1820431,KWQQQELIA,HLA-B*44:02,0
1820432,KRHLWKIIS,HLA-B*44:02,0
1820433,SLVELKVWI,HLA-B*44:02,0
1820434,GAIVFAILA,HLA-B*44:02,0
1820435,IEKAEQQIL,HLA-B*44:02,0
1820436,ILYAPYNPV,HLA-B*44:02,0
1820437,KPSERGLVR,HLA-B*44:02,0
1820438,SKSRVSRLA,HLA-B*44:02,0
1820439,APLDHINLH,HLA-B*44:02,0
1820440,EHKIVYRDL,HLA-B*44:02,0
1820441,VLIELTAPD,HLA-B*44:02,0
1820442,LPWGNVAVE,HLA-B*44:02,0
1820443,SGRLQLVNK,HLA-B*44:02,0
1820444,AILTSVIVT,HLA-B*44:02,0
1820445,VELGKNQAK,HLA-B*44:02,0
1820446,ACAECFMAV,HLA-B*44:02,0
1820447,VLLTQIASL,HLA-B*44:02,0
1820448,DLTMLQKLN,HLA-B*44:02,0
1820449,IMRHENDQN,HLA-B*44:02,0
1820450,SESEPEETP,HLA-B*44:02,0
1820451,EDNSTWDVH,HLA-B*44:02,0
1820452,EKRLEEWLG,HLA-B*44:02,0
1820453,IITDINLFL,HLA-B*44:02,0
1820454,PFALGFNSI,HLA-B*44:02,0
1820455,LQREKELES,HLA-B*44:02,0
1820456,VTASKDGYF,HLA-B*44:02,0
1820457,LGQSDDLIH,HLA-B*44:02,0
1820458,ILTGIVSWG,HLA-B*44:02,0
1820459,LSPCAVSST,HLA-B*44:02,0
1820460,RRDLEWHTW,HLA-B*44:02,0
1820461,DDIIIATKN,HLA-B*44:02,0
1820462,RLFNPNDDG,HLA-B*44:02,0
1820463,VRKACAECF,HLA-B*44:02,0
1820464,QALTPALSP,HLA-B*44:02,0
1820465,PEFLPEVPL,HLA-B*44:02,0
1820466,CVFDMAGEI,HLA-B*44:02,0
1820467,GEKAEKRSI,HLA-B*44:02,0
1820468,LVKLDNMNV,HLA-B*44:02,0
1820469,GLHNFSDGL,HLA-B*44:02,0
1820470,ASSKTFVGR,HLA-B*44:02,0
1820471,TAVNRSNIQ,HLA-B*44:02,0
1820472,VLNTCIIHY,HLA-B*44:02,0
1820473,NSIFNFKEV,HLA-B*44:02,0
1820474,VGDYNFICP,HLA-B*44:02,0
1820475,WASPSPVPL,HLA-B*44:02,0
1820476,AVSPGCRDA,HLA-B*44:02,0
1820477,EEELSARDG,HLA-B*44:02,0
1820478,AKDLEQHKI,HLA-B*44:02,0
1820479,DYEMAAKIL,HLA-B*44:02,0
1820480,LCGSHCGVS,HLA-B*44:02,0
1820481,LRLLSAAKA,HLA-B*44:02,0
1820482,IQMAYESQR,HLA-B*44:02,0
1820483,IRLPDIIAC,HLA-B*44:02,0
1820484,DYTNPNCAV,HLA-B*44:02,0
1820485,GLKSTDVAK,HLA-B*44:02,0
1820486,NSDSESDKE,HLA-B*44:02,0
1820487,FNSSSTSHS,HLA-B*44:02,0
1820488,TMERQRTEI,HLA-B*44:02,0
1820489,NFQQRKANA,HLA-B*44:02,0
1820490,NRKPELDSL,HLA-B*44:02,0
1820491,GSDKGCSQY,HLA-B*44:02,0
1820492,QVLPLYTLE,HLA-B*44:02,0
1820493,ASLIAVPAV,HLA-B*44:02,0
1820494,GKPLPKNMA,HLA-B*44:02,0
1820495,RQNDLKDEK,HLA-B*44:02,0
1820496,QSQLLCQGP,HLA-B*44:02,0
1820497,CSCYQYQDG,HLA-B*44:02,0
1820498,MSGRSRGRK,HLA-B*44:02,0
1820499,YASSLVIIW,HLA-B*44:02,0
1820500,QPTKPALKS,HLA-B*44:02,0
1820501,GEEKKEERD,HLA-B*44:02,0
1820502,YLADFFEDE,HLA-B*44:02,0
1820503,ESGEEAARA,HLA-B*44:02,0
1820504,PSLPSYKVG,HLA-B*44:02,0
1820505,PLPAPAGEA,HLA-B*44:02,0
1820506,PVPQGMALY,HLA-B*44:02,0
1820507,EVTENLVEP,HLA-B*44:02,0
1820508,HEEEHRRRE,HLA-B*44:02,0
1820509,KIRHLCFGR,HLA-B*44:02,0
1820510,RDVASAMQQ,HLA-B*44:02,0
1820511,GNMKKLENC,HLA-B*44:02,0
1820512,VEYFLKWKG,HLA-B*44:02,0
1820513,KEDIGGELV,HLA-B*44:02,0
1820514,KNAFFVGDL,HLA-B*44:02,0
1820515,GIEPLSEDA,HLA-B*44:02,0
1820516,GQNDRTGKT,HLA-B*44:02,0
1820517,GGEIFDQCV,HLA-B*44:02,0
1820518,ALGIQRRSP,HLA-B*44:02,0
1820519,LESRTLAEI,HLA-B*44:02,0
1820520,CLRNKDPQE,HLA-B*44:02,0
1820521,GTLSGDAFL,HLA-B*44:02,0
1820522,EKVTRLTQL,HLA-B*44:02,0
1820523,PMGEVVTPT,HLA-B*44:02,0
1820524,YYLRQIVLG,HLA-B*44:02,0
1820525,REVVERNRA,HLA-B*44:02,0
1820526,HVFTRGTQR,HLA-B*44:02,0
1820527,PDNGEAILD,HLA-B*44:02,0
1820528,FPALINRMK,HLA-B*44:02,0
1820529,VSKEKFTQV,HLA-B*44:02,0
1820530,DEKKKAKMA,HLA-B*44:02,0
1820531,MLKANLIKE,HLA-B*44:02,0
1820532,IIATKNGKV,HLA-B*44:02,0
1820533,SGQCLKTLI,HLA-B*44:02,0
1820534,AEGGRSREL,HLA-B*44:02,0
1820535,ESAVTVMFD,HLA-B*44:02,0
1820536,EEEVFESSV,HLA-B*44:02,0
1820537,QHSYSEEEK,HLA-B*44:02,0
1820538,PAAAAAMAL,HLA-B*44:02,0
1820539,TGTGTFSPG,HLA-B*44:02,0
1820540,RGVEDDVFI,HLA-B*44:02,0
1820541,RYDPSISFS,HLA-B*44:02,0
1820542,DDLLDSAPE,HLA-B*44:02,0
1820543,QKRCEAFGW,HLA-B*44:02,0
1820544,LTIQLTHQF,HLA-B*44:02,0
1820545,LSVEGFRKL,HLA-B*44:02,0
1820546,FTLAQAEDS,HLA-B*44:02,0
1820547,DRQLGHKKE,HLA-B*44:02,0
1820548,FMKDNFLTS,HLA-B*44:02,0
1820549,VDTEIAKHC,HLA-B*44:02,0
1820550,LGLELEELE,HLA-B*44:02,0
1820551,LRISSIQAT,HLA-B*44:02,0
1820552,SIKSIQIEA,HLA-B*44:02,0
1820553,NLAKKAKEM,HLA-B*44:02,0
1820554,EANRAKNLA,HLA-B*44:02,0
1820555,IQLSHVTWS,HLA-B*44:02,0
1820556,HIDLFTEPE,HLA-B*44:02,0
1820557,QNIVATALW,HLA-B*44:02,0
1820558,TKGKEIDLE,HLA-B*44:02,0
1820559,IEKLNETME,HLA-B*44:02,0
1820560,DVAWSSDSN,HLA-B*44:02,0
1820561,PLQTASVSP,HLA-B*44:02,0
1820562,DEIEKAEQQ,HLA-B*44:02,0
1820563,PGYKKNSYG,HLA-B*44:02,0
1820564,TCLTIPPRF,HLA-B*44:02,0
1820565,KVEYDGERK,HLA-B*44:02,0
1820566,EAFERFSLE,HLA-B*44:02,0
1820567,DWDNSGPFC,HLA-B*44:02,0
1820568,EEGSLGPRN,HLA-B*44:02,0
1820569,DIDPELATQ,HLA-B*44:02,0
1820570,QLSGRLQLV,HLA-B*44:02,0
1820571,SVEVLTSHS,HLA-B*44:02,0
1820572,DDIQRAECM,HLA-B*44:02,0
1820573,SEFMPYVVF,HLA-B*44:02,0
1820574,ANVQDHLNL,HLA-B*44:02,0
1820575,LKLDNTVVG,HLA-B*44:02,0
1820576,FPEVMGLAT,HLA-B*44:02,0
1820577,SQGSTISVD,HLA-B*44:02,0
1820578,EVGSELASV,HLA-B*44:02,0
1820579,QLQVLQNEI,HLA-B*44:02,0
1820580,WEAMAFASI,HLA-B*44:02,0
1820581,FVICFYLEA,HLA-B*44:02,0
1820582,LHECMIRLF,HLA-B*44:02,0
1820583,QLKDDDKLM,HLA-B*44:02,0
1820584,ERLLPEEDL,HLA-B*44:02,0
1820585,HTGKYWTLT,HLA-B*44:02,0
1820586,SEKLQVQIQ,HLA-B*44:02,0
1820587,APELETLRA,HLA-B*44:02,0
1820588,GKEEGDPLQ,HLA-B*44:02,0
1820589,HRLSLDLLS,HLA-B*44:02,0
1820590,LCHQLQTVT,HLA-B*44:02,0
1820591,EPNVRGLES,HLA-B*44:02,0
1820592,NLFLGEAYT,HLA-B*44:02,0
1820593,PVTSAPALV,HLA-B*44:02,0
1820594,PIIEDSREA,HLA-B*44:02,0
1820595,ALINRMKAD,HLA-B*44:02,0
1820596,KANLQLESE,HLA-B*44:02,0
1820597,PKILVERYL,HLA-B*44:02,0
1820598,DIDLLLGEA,HLA-B*44:02,0
1820599,IGNLTQLQT,HLA-B*44:02,0
1820600,SVTVEWIEN,HLA-B*44:02,0
1820601,DMEEEKESE,HLA-B*44:02,0
1820602,LFCVSPQPA,HLA-B*44:02,0
1820603,QEELRRLEE,HLA-B*44:02,0
1820604,HMKAQKSGK,HLA-B*44:02,0
1820605,ASHHHSHSH,HLA-B*44:02,0
1820606,KGGTQYDQN,HLA-B*44:02,0
1820607,NISWDYIHY,HLA-B*44:02,0
1820608,EGHITSLLG,HLA-B*44:02,0
1820609,ERRFAIYSA,HLA-B*44:02,0
1820610,FLQLSTRLP,HLA-B*44:02,0
1820611,LSLKSVPGD,HLA-B*44:02,0
1820612,AYTRPDRPE,HLA-B*44:02,0
1820613,EEAIQLKKI,HLA-B*44:02,0
1820614,QAHARGMAA,HLA-B*44:02,0
1820615,SNRHSEERG,HLA-B*44:02,0
1820616,IMDEHWRGE,HLA-B*44:02,0
1820617,LRRVQELLD,HLA-B*44:02,0
1820618,INSIVSLSV,HLA-B*44:02,0
1820619,PATPSSLDP,HLA-B*44:02,0
1820620,ETKQQQLQV,HLA-B*44:02,0
1820621,LNTSDLQCL,HLA-B*44:02,0
1820622,DGYLFCKTL,HLA-B*44:02,0
1820623,THLADGPFA,HLA-B*44:02,0
1820624,PQGLRAGTG,HLA-B*44:02,0
1820625,AVPQDEHVI,HLA-B*44:02,0
1820626,EINDKENRD,HLA-B*44:02,0
1820627,LYRAYVAFP,HLA-B*44:02,0
1820628,KGNHTKDFL,HLA-B*44:02,0
1820629,TASKTCLRH,HLA-B*44:02,0
1820630,GFQLCRYGY,HLA-B*44:02,0
1820631,ALHLKDYED,HLA-B*44:02,0
1820632,DSFIYFLIA,HLA-B*44:02,0
1820633,LVVQKVYPR,HLA-B*44:02,0
1820634,GQQFNGKGK,HLA-B*44:02,0
1820635,CSDGEKAEK,HLA-B*44:02,0
1820636,HRTVQKRQQ,HLA-B*44:02,0
1820637,SSWPLGVSG,HLA-B*44:02,0
1820638,WLNAVQYYV,HLA-B*44:02,0
1820639,VSPSMPFSA,HLA-B*44:02,0
1820640,IKNVEDKSW,HLA-B*44:02,0
1820641,ESVGFLLVT,HLA-B*44:02,0
1820642,DIKTDLHTV,HLA-B*44:02,0
1820643,ESQFFHTTS,HLA-B*44:02,0
1820644,DLISLILVE,HLA-B*44:02,0
1820645,KAHTEGVTV,HLA-B*44:02,0
1820646,ALYYLVVQG,HLA-B*44:02,0
1820647,GNHTKDFLT,HLA-B*44:02,0
1820648,SSALHRIIG,HLA-B*44:02,0
1820649,MAGEIGFTM,HLA-B*44:02,0
1820650,FHASTSWYW,HLA-B*44:02,0
1820651,GSFNAPWAV,HLA-B*44:02,0
1820652,LKRGFVLQD,HLA-B*44:02,0
1820653,KIKFYFDRN,HLA-B*44:02,0
1820654,ALALAGEPA,HLA-B*44:02,0
1820655,LRLRGRLLL,HLA-B*44:02,0
1820656,DGKIRLWRN,HLA-B*44:02,0
1820657,FRKAAQQQE,HLA-B*44:02,0
1820658,LFNDSTRLI,HLA-B*44:02,0
1820659,YFVVAVLEL,HLA-B*44:02,0
1820660,ERARELELA,HLA-B*44:02,0
1820661,MKAYRDTIK,HLA-B*44:02,0
1820662,NYHLENAGC,HLA-B*44:02,0
1820663,ETVSSLQGP,HLA-B*44:02,0
1820664,PTEAEVKLL,HLA-B*44:02,0
1820665,KLGKLPPQY,HLA-B*44:02,0
1820666,FDEEFTGEA,HLA-B*44:02,0
1820667,QHVLATLQC,HLA-B*44:02,0
1820668,DTLENVQLK,HLA-B*44:02,0
1820669,TKAQLGLEL,HLA-B*44:02,0
1820670,KHLLYTLDS,HLA-B*44:02,0
1820671,HEKIVQFHW,HLA-B*44:02,0
1820672,LHHHHHQNH,HLA-B*44:02,0
1820673,EPLSEDAII,HLA-B*44:02,0
1820674,VFVAIVRKI,HLA-B*44:02,0
1820675,PALVAATAI,HLA-B*44:02,0
1820676,RETIDEDED,HLA-B*44:02,0
1820677,LYQNQVLRE,HLA-B*44:02,0
1820678,PAGDLFCTS,HLA-B*44:02,0
1820679,RQAAKHDAA,HLA-B*44:02,0
1820680,VQIQFGLIN,HLA-B*44:02,0
1820681,RHGNQYIQV,HLA-B*44:02,0
1820682,LKDGELWNK,HLA-B*44:02,0
1820683,LGEISVPLD,HLA-B*44:02,0
1820684,IICIRFLFW,HLA-B*44:02,0
1820685,SRRRYVRGR,HLA-B*44:02,0
1820686,IRISTRLPS,HLA-B*44:02,0
1820687,SYSLPIVLM,HLA-B*44:02,0
1820688,PPSTHKTGV,HLA-B*44:02,0
1820689,GFFEDNDFV,HLA-B*44:02,0
1820690,SPSSLSSPI,HLA-B*44:02,0
1820691,VEEVFLNLT,HLA-B*44:02,0
1820692,MATGDLDQD,HLA-B*44:02,0
1820693,EDGPSQMAL,HLA-B*44:02,0
1820694,NGGIKRSRL,HLA-B*44:02,0
1820695,TPLGRLDKY,HLA-B*44:02,0
1820696,VVQGKKGED,HLA-B*44:02,0
1820697,NNLAFNEIK,HLA-B*44:02,0
1820698,DELRRKLKL,HLA-B*44:02,0
1820699,REEDIPAPL,HLA-B*44:02,0
1820700,ELQAVKSKK,HLA-B*44:02,0
1820701,PQNPERSLK,HLA-B*44:02,0
1820702,RTPLMAESS,HLA-B*44:02,0
1820703,SNKSANMDH,HLA-B*44:02,0
1820704,TGARASAAE,HLA-B*44:02,0
1820705,SFGADSLLL,HLA-B*44:02,0
1820706,EKEVCRLEY,HLA-B*44:02,0
1820707,FFFNHGECT,HLA-B*44:02,0
1820708,GKESILFHY,HLA-B*44:02,0
1820709,LEKKKKLED,HLA-B*44:02,0
1820710,HDNVISKKV,HLA-B*44:02,0
1820711,YGNPNETQN,HLA-B*44:02,0
1820712,YIWNLQTKE,HLA-B*44:02,0
1820713,VGGGIAGVT,HLA-B*44:02,0
1820714,HPYYMGLEE,HLA-B*44:02,0
1820715,TVLCFFFNH,HLA-B*44:02,0
1820716,ASPGAGHEQ,HLA-B*44:02,0
1820717,ITVLIIYNL,HLA-B*44:02,0
1820718,SLAAQLLIL,HLA-B*44:02,0
1820719,GQSIDTYGK,HLA-B*44:02,0
1820720,IELQTGRNS,HLA-B*44:02,0
1820721,LEREAQMIF,HLA-B*44:02,0
1820722,EDCCLTIVG,HLA-B*44:02,0
1820723,ILNQMNLSS,HLA-B*44:02,0
1820724,NLGAVSLLL,HLA-B*44:02,0
1820725,QSEAHRRYF,HLA-B*44:02,0
1820726,PGKLFPKDV,HLA-B*44:02,0
1820727,VSSQVIPES,HLA-B*44:02,0
1820728,EYHKYQSNS,HLA-B*44:02,0
1820729,ISGLPTIDI,HLA-B*44:02,0
1820730,DARCVFDMA,HLA-B*44:02,0
1820731,DINVRTASK,HLA-B*44:02,0
1820732,DVAFVNISR,HLA-B*44:02,0
1820733,AMSPEKRKL,HLA-B*44:02,0
1820734,AILQSGSFN,HLA-B*44:02,0
1820735,GAWESQGSS,HLA-B*44:02,0
1820736,AGKTKIFLR,HLA-B*44:02,0
1820737,GVSIGEDGP,HLA-B*44:02,0
1820738,ALNPQCHYG,HLA-B*44:02,0
1820739,LQKEGEFST,HLA-B*44:02,0
1820740,AVELKKPQC,HLA-B*44:02,0
1820741,GMAARRNFQ,HLA-B*44:02,0
1820742,AHHRLSLDL,HLA-B*44:02,0
1820743,GGFDSYGYQ,HLA-B*44:02,0
1820744,LKISNISVQ,HLA-B*44:02,0
1820745,NIDHKCKKD,HLA-B*44:02,0
1820746,YTALGILIM,HLA-B*44:02,0
1820747,HRYITVSGC,HLA-B*44:02,0
1820748,QEIYSQIQS,HLA-B*44:02,0
1820749,IARWREERR,HLA-B*44:02,0
1820750,AETVLKQQG,HLA-B*44:02,0
1820751,GFEGKISSP,HLA-B*44:02,0
1820752,LMKDESKES,HLA-B*44:02,0
1820753,LTPHMCVMA,HLA-B*44:02,0
1820754,HVVNIGAED,HLA-B*44:02,0
1820755,DMSFGSLCE,HLA-B*44:02,0
1820756,KIDAKFEPL,HLA-B*44:02,0
1820757,AFPSTPVNP,HLA-B*44:02,0
1820758,NMLEILGFK,HLA-B*44:02,0
1820759,ELYRKANYF,HLA-B*44:02,0
1820760,VEESALPSA,HLA-B*44:02,0
1820761,EEDDEQTLH,HLA-B*44:02,0
1820762,VLQNEIEEN,HLA-B*44:02,0
1820763,PKGASDLPG,HLA-B*44:02,0
1820764,DKEKVAIIE,HLA-B*44:02,0
1820765,RQIRSQIKL,HLA-B*44:02,0
1820766,VSTVLKLDN,HLA-B*44:02,0
1820767,LKFCKQILS,HLA-B*44:02,0
1820768,KCSLAVPQD,HLA-B*44:02,0
1820769,RSTDRLPSA,HLA-B*44:02,0
1820770,AIIAASASV,HLA-B*44:02,0
1820771,TLAGHTKAV,HLA-B*44:02,0
1820772,AKLLDLKKQ,HLA-B*44:02,0
1820773,ARDLTRAEA,HLA-B*44:02,0
1820774,RTGDQQEET,HLA-B*44:02,0
1820775,DLAFSVTGT,HLA-B*44:02,0
1820776,QANNAIGDY,HLA-B*44:02,0
1820777,LSFQSTQVP,HLA-B*44:02,0
1820778,ALARVGPAE,HLA-B*44:02,0
1820779,SDKPLLAEY,HLA-B*44:02,0
1820780,EVDVWSIGC,HLA-B*44:02,0
1820781,VSSHPNSLM,HLA-B*44:02,0
1820782,QVEISRQPF,HLA-B*44:02,0
1820783,IGSMRPLKM,HLA-B*44:02,0
1820784,VFVICFYLE,HLA-B*44:02,0
1820785,AEVKPEKSN,HLA-B*44:02,0
1820786,VLERQIFDF,HLA-B*44:02,0
1820787,HDHDHHSDH,HLA-B*44:02,0
1820788,KLKLVQQEM,HLA-B*44:02,0
1820789,RDLLRATVF,HLA-B*44:02,0
1820790,GAASVSLHL,HLA-B*44:02,0
1820791,QKSSRDPPS,HLA-B*44:02,0
1820792,SHVRETIDE,HLA-B*44:02,0
1820793,KVVLLGKYN,HLA-B*44:02,0
1820794,QHYDKIGQP,HLA-B*44:02,0
1820795,EKCIEVFSD,HLA-B*44:02,0
1820796,AVERVKPRI,HLA-B*44:02,0
1820797,CMLQQAERL,HLA-B*44:02,0
1820798,STGTIIWDS,HLA-B*44:02,0
1820799,FSYVELHRF,HLA-B*44:02,0
1820800,TQQYTELIG,HLA-B*44:02,0
1820801,LSFLVALAV,HLA-B*44:02,0
1820802,TKGFGHKPG,HLA-B*44:02,0
1820803,LENDPDCRH,HLA-B*44:02,0
1820804,SNRTIDKLL,HLA-B*44:02,0
1820805,QYFKEESKS,HLA-B*44:02,0
1820806,QTRLSELHD,HLA-B*44:02,0
1820807,AFSKFLLPI,HLA-B*44:02,0
1820808,AQVQAGAGW,HLA-B*44:02,0
1820809,QKFIDTRRG,HLA-B*44:02,0
1820810,IDWGALEGE,HLA-B*44:02,0
1820811,VGDLGKIVK,HLA-B*44:02,0
1820812,QLEACQRER,HLA-B*44:02,0
1820813,VTVLCFFFN,HLA-B*44:02,0
1820814,VTPLAVREQ,HLA-B*44:02,0
1820815,QTFDYDIAL,HLA-B*44:02,0
1820816,ISPNWESGI,HLA-B*44:02,0
1820817,PSGPSGTLK,HLA-B*44:02,0
1820818,TSYVQQLLS,HLA-B*44:02,0
1820819,PKLEKRLEE,HLA-B*44:02,0
1820820,SRKAAQAAR,HLA-B*44:02,0
1820821,PDAELSPRW,HLA-B*44:02,0
1820822,IIYISPCKQ,HLA-B*44:02,0
1820823,EFLLSEKKN,HLA-B*44:02,0
1820824,EIPEVLVDP,HLA-B*44:02,0
1820825,TDAGCLSEP,HLA-B*44:02,0
1820826,TTAASTTPT,HLA-B*44:02,0
1820827,ATLAWMVIM,HLA-B*44:02,0
1820828,AVEAFFLVH,HLA-B*44:02,0
1820829,SGSQILNKN,HLA-B*44:02,0
1820830,KVGVNILTC,HLA-B*44:02,0
1820831,SLKHHEDIV,HLA-B*44:02,0
1820832,LGQGLGAAC,HLA-B*44:02,0
1820833,WNHMGSVLA,HLA-B*44:02,0
1820834,GRPVMVPYW,HLA-B*44:02,0
1820835,LKLEGPPEA,HLA-B*44:02,0
1820836,RILGLEKLL,HLA-B*44:02,0
1820837,PLDSSLLCT,HLA-B*44:02,0
1820838,CQIMRHEND,HLA-B*44:02,0
1820839,ASVETAGDS,HLA-B*44:02,0
1820840,SSLQELNKQ,HLA-B*44:02,0
1820841,EDAPSVDIA,HLA-B*44:02,0
1820842,QPPSALSAP,HLA-B*44:02,0
1820843,IEDDCLPMD,HLA-B*44:02,0
1820844,SDMQWKVRR,HLA-B*44:02,0
1820845,LCDLKLEGP,HLA-B*44:02,0
1820846,YMLKANLIK,HLA-B*44:02,0
1820847,RFEDLEEAN,HLA-B*44:02,0
1820848,VADREEAFK,HLA-B*44:02,0
1820849,LSLDASAMV,HLA-B*44:02,0
1820850,QNGKSKKVE,HLA-B*44:02,0
1820851,DFLTDMPDI,HLA-B*44:02,0
1820852,LDFYVFLGP,HLA-B*44:02,0
1820853,QGLLASENW,HLA-B*44:02,0
1820854,NKLKELPDT,HLA-B*44:02,0
1820855,VQINFFQDH,HLA-B*44:02,0
1820856,VFINRDRGF,HLA-B*44:02,0
1820857,GLALRARAA,HLA-B*44:02,0
1820858,LENTMEDHA,HLA-B*44:02,0
1820859,KQQTHVRKH,HLA-B*44:02,0
1820860,GVNGAGKTT,HLA-B*44:02,0
1820861,PEQAKTRER,HLA-B*44:02,0
1820862,PTGNLGGGD,HLA-B*44:02,0
1820863,ARDGDPTFH,HLA-B*44:02,0
1820864,EPARPERDM,HLA-B*44:02,0
1820865,CFSEDGSLL,HLA-B*44:02,0
1820866,SNVSEERRK,HLA-B*44:02,0
1820867,TQKFFLRVL,HLA-B*44:02,0
1820868,CIVTEDGNQ,HLA-B*44:02,0
1820869,TSVIVTPLD,HLA-B*44:02,0
1820870,GNHLFKSAD,HLA-B*44:02,0
1820871,AQDTGIPAD,HLA-B*44:02,0
1820872,RRGYWYFMP,HLA-B*44:02,0
1820873,LPHRLSAAK,HLA-B*44:02,0
1820874,PPRYFYPFP,HLA-B*44:02,0
1820875,SETLKRIFL,HLA-B*44:02,0
1820876,SASSPSLSQ,HLA-B*44:02,0
1820877,RKNPLGLII,HLA-B*44:02,0
1820878,SESAVDFIR,HLA-B*44:02,0
1820879,FDFMEKETP,HLA-B*44:02,0
1820880,VWMTVTRKC,HLA-B*44:02,0
1820881,WPTLELTDQ,HLA-B*44:02,0
1820882,DAFVKGIYG,HLA-B*44:02,0
1820883,QLYYSRHMG,HLA-B*44:02,0
1820884,DGATKALNH,HLA-B*44:02,0
1820885,PTKRKGRSR,HLA-B*44:02,0
1820886,VCAEEGSLG,HLA-B*44:02,0
1820887,LHAKLKHLQ,HLA-B*44:02,0
1820888,TIQGTRDPI,HLA-B*44:02,0
1820889,VPQAQRCDG,HLA-B*44:02,0
1820890,CITRDLKWG,HLA-B*44:02,0
1820891,YTLCKQIGT,HLA-B*44:02,0
1820892,IKKNPFGIE,HLA-B*44:02,0
1820893,DDDRFEDLE,HLA-B*44:02,0
1820894,RLQEQLKQT,HLA-B*44:02,0
1820895,LSGSESEPE,HLA-B*44:02,0
1820896,SVNASKPSE,HLA-B*44:02,0
1820897,LQEKKSLEC,HLA-B*44:02,0
1820898,YTLEQVQLY,HLA-B*44:02,0
1820899,ENPTQSPWC,HLA-B*44:02,0
1820900,RQYERERQP,HLA-B*44:02,0
1820901,SLECEVEEL,HLA-B*44:02,0
1820902,AAGSKPSSE,HLA-B*44:02,0
1820903,NTNPSASPE,HLA-B*44:02,0
1820904,TCLLDGMQY,HLA-B*44:02,0
1820905,ATRFFPSPA,HLA-B*44:02,0
1820906,RTGKTGLVP,HLA-B*44:02,0
1820907,CGRCFTRPA,HLA-B*44:02,0
1820908,GIEIRRKST,HLA-B*44:02,0
1820909,ALKLTGVEG,HLA-B*44:02,0
1820910,SIPSTTSSL,HLA-B*44:02,0
1820911,GKPYLVLGL,HLA-B*44:02,0
1820912,NFYDDKKYT,HLA-B*44:02,0
1820913,DPRNPHNDR,HLA-B*44:02,0
1820914,ILRLKLENN,HLA-B*44:02,0
1820915,QWLCHGNPH,HLA-B*44:02,0
1820916,ETPLRYTKT,HLA-B*44:02,0
1820917,WIMQNETGI,HLA-B*44:02,0
1820918,IETPEQAKT,HLA-B*44:02,0
1820919,LLNNLGNFI,HLA-B*44:02,0
1820920,MDGVLDYSK,HLA-B*44:02,0
1820921,STGQQVVGE,HLA-B*44:02,0
1820922,DAFSPAPAG,HLA-B*44:02,0
1820923,QLENHELQG,HLA-B*44:02,0
1820924,GIVSWGHGS,HLA-B*44:02,0
1820925,LSEQKEQLV,HLA-B*44:02,0
1820926,SGWEQDDLT,HLA-B*44:02,0
1820927,ELRRKLKLG,HLA-B*44:02,0
1820928,RHGIIMYSH,HLA-B*44:02,0
1820929,LAKGLLIRE,HLA-B*44:02,0
1820930,AASLLYHDN,HLA-B*44:02,0
1820931,SGVWVAYEN,HLA-B*44:02,0
1820932,ADVSSNNKG,HLA-B*44:02,0
1820933,VLQRLQDEL,HLA-B*44:02,0
1820934,RFVLSKGHA,HLA-B*44:02,0
1820935,TSFEDWGGK,HLA-B*44:02,0
1820936,IPEKLELTN,HLA-B*44:02,0
1820937,LSMLSITYH,HLA-B*44:02,0
1820938,QLEISSNPE,HLA-B*44:02,0
1820939,TLEEKEVCR,HLA-B*44:02,0
1820940,RRDFTYDSV,HLA-B*44:02,0
1820941,EVNGHEVGN,HLA-B*44:02,0
1820942,IQLTHQFFH,HLA-B*44:02,0
1820943,VVRRTEFYF,HLA-B*44:02,0
1820944,KTSPKPAVV,HLA-B*44:02,0
1820945,AIQECSEGF,HLA-B*44:02,0
1820946,CQTDDIYNR,HLA-B*44:02,0
1820947,LPDQVKVKM,HLA-B*44:02,0
1820948,KGKMQSRFD,HLA-B*44:02,0
1820949,VWMIMNDKL,HLA-B*44:02,0
1820950,LSTRKPGKE,HLA-B*44:02,0
1820951,GLSRILKNS,HLA-B*44:02,0
1820952,LEIEKEIEL,HLA-B*44:02,0
1820953,DSESDKEEK,HLA-B*44:02,0
1820954,APSVVLTVG,HLA-B*44:02,0
1820955,DIDYMERQL,HLA-B*44:02,0
1820956,RQEKETELE,HLA-B*44:02,0
1820957,RAHSRGDTV,HLA-B*44:02,0
1820958,QQPAPPDCG,HLA-B*44:02,0
1820959,SLSAPAPGD,HLA-B*44:02,0
1820960,GLIQKYSLN,HLA-B*44:02,0
1820961,EEEEVMIAH,HLA-B*44:02,0
1820962,WHELHFVEK,HLA-B*44:02,0
1820963,YTWQYRVAK,HLA-B*44:02,0
1820964,AFSVKFEVQ,HLA-B*44:02,0
1820965,PILYAVWAE,HLA-B*44:02,0
1820966,AKDNVPFHS,HLA-B*44:02,0
1820967,TGHQYLLEE,HLA-B*44:02,0
1820968,ILRRVQELL,HLA-B*44:02,0
1820969,HYRTHTGVR,HLA-B*44:02,0
1820970,NRRKPVLGK,HLA-B*44:02,0
1820971,RLLAHVTLE,HLA-B*44:02,0
1820972,LVSASDDKT,HLA-B*44:02,0
1820973,HGKPLPKNM,HLA-B*44:02,0
1820974,QKLQSFLDP,HLA-B*44:02,0
1820975,LFGWLFCKV,HLA-B*44:02,0
1820976,CVRYIIKKD,HLA-B*44:02,0
1820977,WCSQYRRQL,HLA-B*44:02,0
1820978,LNANAVCDT,HLA-B*44:02,0
1820979,GGIWVTYEY,HLA-B*44:02,0
1820980,GQASPHFED,HLA-B*44:02,0
1820981,FRGEHGFIG,HLA-B*44:02,0
1820982,SEPRAIFYS,HLA-B*44:02,0
1820983,AYILYRKKI,HLA-B*44:02,0
1820984,LNEMQCMWF,HLA-B*44:02,0
1820985,SGPLIEELG,HLA-B*44:02,0
1820986,KALVLNGKP,HLA-B*44:02,0
1820987,SALGPDWHE,HLA-B*44:02,0
1820988,TREGTSAVE,HLA-B*44:02,0
1820989,ASGKNKRKA,HLA-B*44:02,0
1820990,IALELVYEI,HLA-B*44:02,0
1820991,LNKSEISQV,HLA-B*44:02,0
1820992,SDLKKAHHL,HLA-B*44:02,0
1820993,DEPVVITPR,HLA-B*44:02,0
1820994,IDAIQPGSI,HLA-B*44:02,0
1820995,HRNLEASAV,HLA-B*44:02,0
1820996,ILKSLENER,HLA-B*44:02,0
1820997,FHEIMSLKD,HLA-B*44:02,0
1820998,KKELEHRLS,HLA-B*44:02,0
1820999,DHINLHVRG,HLA-B*44:02,0
1821000,PELSASAEL,HLA-B*44:02,0
1821001,FQAKHMDQP,HLA-B*44:02,0
1821002,DKFITLAAE,HLA-B*44:02,0
1821003,METFGATFV,HLA-B*44:02,0
1821004,LSLATIKVL,HLA-B*44:02,0
1821005,LSNMTLLES,HLA-B*44:02,0
1821006,FKGLDLLEK,HLA-B*44:02,0
1821007,VLDFDVKRK,HLA-B*44:02,0
1821008,YALPEDLVE,HLA-B*44:02,0
1821009,GYVPEMVLT,HLA-B*44:02,0
1821010,PYDRGSDMK,HLA-B*44:02,0
1821011,TIRQAKAGN,HLA-B*44:02,0
1821012,PPSVTSKSR,HLA-B*44:02,0
1821013,QIPWKHAAK,HLA-B*44:02,0
1821014,LQESAMQKA,HLA-B*44:02,0
1821015,ILASWYRIY,HLA-B*44:02,0
1821016,FYEIIPKRL,HLA-B*44:02,0
1821017,PPIHEDHLE,HLA-B*44:02,0
1821018,SNAKPLSPK,HLA-B*44:02,0
1821019,PFLVLQMLL,HLA-B*44:02,0
1821020,YHLLEQVAP,HLA-B*44:02,0
1821021,TRRANKKAK,HLA-B*44:02,0
1821022,ERILELSTQ,HLA-B*44:02,0
1821023,GLSIIPARF,HLA-B*44:02,0
1821024,KAAFEALQV,HLA-B*44:02,0
1821025,MRYKSQDPR,HLA-B*44:02,0
1821026,DRYISWTEQ,HLA-B*44:02,0
1821027,RTDVSNFDE,HLA-B*44:02,0
1821028,NYSITKKSM,HLA-B*44:02,0
1821029,GEILQIVNR,HLA-B*44:02,0
1821030,ELDDEKILE,HLA-B*44:02,0
1821031,AELESALQE,HLA-B*44:02,0
1821032,TKGRILTVE,HLA-B*44:02,0
1821033,DKLLSSRSA,HLA-B*44:02,0
1821034,LEESAVTVM,HLA-B*44:02,0
1821035,HQEFSHWLH,HLA-B*44:02,0
1821036,EKESEDSDE,HLA-B*44:02,0
1821037,SAAFLCSMF,HLA-B*44:02,0
1821038,GAVSPGCRD,HLA-B*44:02,0
1821039,KEVCRLEYR,HLA-B*44:02,0
1821040,LLLKKIMAI,HLA-B*44:02,0
1821041,IVLLAKESL,HLA-B*44:02,0
1821042,SAGGDLMLH,HLA-B*44:02,0
1821043,NIRMPSLPS,HLA-B*44:02,0
1821044,GFIGCRKVT,HLA-B*44:02,0
1821045,LQLSRGDSG,HLA-B*44:02,0
1821046,QVLRGVWSG,HLA-B*44:02,0
1821047,MIRLFNTAV,HLA-B*44:02,0
1821048,QQLRSLQAD,HLA-B*44:02,0
1821049,VHIMDEHWR,HLA-B*44:02,0
1821050,DLINELVEN,HLA-B*44:02,0
1821051,DQGIAKAAP,HLA-B*44:02,0
1821052,RQALKNALG,HLA-B*44:02,0
1821053,QIKQEGELQ,HLA-B*44:02,0
1821054,WDSVTWELK,HLA-B*44:02,0
1821055,SRAKNRGKG,HLA-B*44:02,0
1821056,NVLITSALP,HLA-B*44:02,0
1821057,KRAGEPLGV,HLA-B*44:02,0
1821058,EVAYDPEGI,HLA-B*44:02,0
1821059,GFFQDAEYE,HLA-B*44:02,0
1821060,RGLVRQEEA,HLA-B*44:02,0
1821061,SIDMDFSFE,HLA-B*44:02,0
1821062,SEVRLDTLT,HLA-B*44:02,0
1821063,AVDTCVHLN,HLA-B*44:02,0
1821064,EAFGDGYHL,HLA-B*44:02,0
1821065,EKTLSQTKR,HLA-B*44:02,0
1821066,MASQRQAKI,HLA-B*44:02,0
1821067,LRPIALNLC,HLA-B*44:02,0
1821068,VLKCLLDIH,HLA-B*44:02,0
1821069,QNADSQFWS,HLA-B*44:02,0
1821070,PLMSIPSTT,HLA-B*44:02,0
1821071,LDENKEAKG,HLA-B*44:02,0
1821072,LTNFLCTLP,HLA-B*44:02,0
1821073,LSSFPNVFQ,HLA-B*44:02,0
1821074,LAYLGMATG,HLA-B*44:02,0
1821075,LQTVKEEQS,HLA-B*44:02,0
1821076,AIKFLTPLK,HLA-B*44:02,0
1821077,EELAAEDRF,HLA-B*44:02,0
1821078,SPCSSQSSS,HLA-B*44:02,0
1821079,RTFPQILAP,HLA-B*44:02,0
1821080,YARVHGIPE,HLA-B*44:02,0
1821081,GRGSQGGNF,HLA-B*44:02,0
1821082,HDWNNSISQ,HLA-B*44:02,0
1821083,ARGHLWAYS,HLA-B*44:02,0
1821084,NGIQDMEQF,HLA-B*44:02,0
1821085,QRSTLAELK,HLA-B*44:02,0
1821086,STATQLAAD,HLA-B*44:02,0
1821087,KAILRPQSS,HLA-B*44:02,0
1821088,VELYRAYVA,HLA-B*44:02,0
1821089,TQAAQVQAG,HLA-B*44:02,0
1821090,SSKPYGPYD,HLA-B*44:02,0
1821091,GSNVDTLLR,HLA-B*44:02,0
1821092,NQMQYEYTE,HLA-B*44:02,0
1821093,GKPSILLLD,HLA-B*44:02,0
1821094,RSHLGRYLA,HLA-B*44:02,0
1821095,TTGTPDPGT,HLA-B*44:02,0
1821096,KVCPVLIEL,HLA-B*44:02,0
1821097,WKPGQFVFK,HLA-B*44:02,0
1821098,APEFLPEVP,HLA-B*44:02,0
1821099,AFGGNPKSV,HLA-B*44:02,0
1821100,ALKRNLPVN,HLA-B*44:02,0
1821101,LEKVTRLTQ,HLA-B*44:02,0
1821102,IRYQQHKIY,HLA-B*44:02,0
1821103,APYTQKQVT,HLA-B*44:02,0
1821104,IGLRLKLGD,HLA-B*44:02,0
1821105,LILPRFCEM,HLA-B*44:02,0
1821106,GHHTKDFTR,HLA-B*44:02,0
1821107,HLQLQPMYM,HLA-B*44:02,0
1821108,HKDNTKKSD,HLA-B*44:02,0
1821109,GQFVFKGDL,HLA-B*44:02,0
1821110,PEINDKENR,HLA-B*44:02,0
1821111,LQVSLSAHQ,HLA-B*44:02,0
1821112,GEPITNFGV,HLA-B*44:02,0
1821113,EELYNNPQN,HLA-B*44:02,0
1821114,DFFGLDTNS,HLA-B*44:02,0
1821115,PGDGATKAL,HLA-B*44:02,0
1821116,QMVARSLLD,HLA-B*44:02,0
1821117,TFSDSQSPA,HLA-B*44:02,0
1821118,QDDDRFEDL,HLA-B*44:02,0
1821119,LLEEEVLST,HLA-B*44:02,0
1821120,AFSWTDLLL,HLA-B*44:02,0
1821121,KRHLLKYEA,HLA-B*44:02,0
1821122,STDFKMVSS,HLA-B*44:02,0
1821123,SDHEHHSDH,HLA-B*44:02,0
1821124,LAEAALQKL,HLA-B*44:02,0
1821125,EEGLTPQEI,HLA-B*44:02,0
1821126,LELNVRKLQ,HLA-B*44:02,0
1821127,PFYTVKCNS,HLA-B*44:02,0
1821128,VSEEEILPA,HLA-B*44:02,0
1821129,ANRSSYDVF,HLA-B*44:02,0
1821130,PASGYWVYS,HLA-B*44:02,0
1821131,ILEGVHFLH,HLA-B*44:02,0
1821132,VCLVRGGHE,HLA-B*44:02,0
1821133,PFTKISSWS,HLA-B*44:02,0
1821134,QLRDDTRRA,HLA-B*44:02,0
1821135,GGMIDRQGL,HLA-B*44:02,0
1821136,QLEDKEKKI,HLA-B*44:02,0
1821137,FMGDLPEPV,HLA-B*44:02,0
1821138,GEGPLKTSQ,HLA-B*44:02,0
1821139,AKVDTDGNG,HLA-B*44:02,0
1821140,GDGIVLCKM,HLA-B*44:02,0
1821141,SYSVDLRVQ,HLA-B*44:02,0
1821142,SDSSPQKSS,HLA-B*44:02,0
1821143,PWQFAQFVL,HLA-B*44:02,0
1821144,LDEVEVATE,HLA-B*44:02,0
1821145,NLKSMEEIQ,HLA-B*44:02,0
1821146,TRERSEKIK,HLA-B*44:02,0
1821147,QKYSLNCRA,HLA-B*44:02,0
1821148,YVLPPFSTK,HLA-B*44:02,0
1821149,LQEDLQEDA,HLA-B*44:02,0
1821150,SSPNITMAT,HLA-B*44:02,0
1821151,GIAGVTCAE,HLA-B*44:02,0
1821152,LTEVEQERD,HLA-B*44:02,0
1821153,TLHYIHSDS,HLA-B*44:02,0
1821154,VFDSIVNDE,HLA-B*44:02,0
1821155,DSIQTSIIN,HLA-B*44:02,0
1821156,GNEMVEFAH,HLA-B*44:02,0
1821157,IRMSLKTAQ,HLA-B*44:02,0
1821158,FHFFCDTCD,HLA-B*44:02,0
1821159,LTYRTTGGV,HLA-B*44:02,0
1821160,PEVLSKKGH,HLA-B*44:02,0
1821161,SLHTNTNGN,HLA-B*44:02,0
1821162,LIFDNMGAD,HLA-B*44:02,0
1821163,EILIPKEII,HLA-B*44:02,0
1821164,PDVVVNGSL,HLA-B*44:02,0
1821165,ISKKVRDLL,HLA-B*44:02,0
1821166,GCPTGYLGP,HLA-B*44:02,0
1821167,SLPSYKVGD,HLA-B*44:02,0
1821168,VIQGLVKDR,HLA-B*44:02,0
1821169,SQGGNFEGP,HLA-B*44:02,0
1821170,IQIYEEVAK,HLA-B*44:02,0
1821171,SSGLTENQL,HLA-B*44:02,0
1821172,CSILLTNFL,HLA-B*44:02,0
1821173,VLEEKLELE,HLA-B*44:02,0
1821174,GSWIEEMIN,HLA-B*44:02,0
1821175,EYNLEQQRR,HLA-B*44:02,0
1821176,EHQRHLNAE,HLA-B*44:02,0
1821177,IVCEEFKDV,HLA-B*44:02,0
1821178,GMTLSSSVC,HLA-B*44:02,0
1821179,LLVTASPVI,HLA-B*44:02,0
1821180,LMVAWVVFI,HLA-B*44:02,0
1821181,RGLQVEASD,HLA-B*44:02,0
1821182,RRSIWDVIS,HLA-B*44:02,0
1821183,QNHHPHSHS,HLA-B*44:02,0
1821184,TEMVEKVFG,HLA-B*44:02,0
1821185,NSFEQLCIN,HLA-B*44:02,0
1821186,AQAYKAMNK,HLA-B*44:02,0
1821187,EKEERPPEL,HLA-B*44:02,0
1821188,NLRSGVLQR,HLA-B*44:02,0
1821189,ETNKTALNI,HLA-B*44:02,0
1821190,QLQLPPPAC,HLA-B*44:02,0
1821191,LGMEEPSNV,HLA-B*44:02,0
1821192,RVMEPDPNS,HLA-B*44:02,0
1821193,TSLYEARNR,HLA-B*44:02,0
1821194,SSDEEEGTS,HLA-B*44:02,0
1821195,RPGPGKAAS,HLA-B*44:02,0
1821196,CLFQVLVNV,HLA-B*44:02,0
1821197,TPSMGGPGT,HLA-B*44:02,0
1821198,QAFQNHPQL,HLA-B*44:02,0
1821199,LYKSNELFG,HLA-B*44:02,0
1821200,LLTVYAWER,HLA-B*44:02,0
1821201,RNDLKSHVC,HLA-B*44:02,0
1821202,IRSVQVIGG,HLA-B*44:02,0
1821203,HLQQFFVQH,HLA-B*44:02,0
1821204,NPVLPVAGE,HLA-B*44:02,0
1821205,AWRSFLLIC,HLA-B*44:02,0
1821206,SQSTYKDPN,HLA-B*44:02,0
1821207,HLRPQSIHQ,HLA-B*44:02,0
1821208,VTGQRGVVI,HLA-B*44:02,0
1821209,SSSSSSSKR,HLA-B*44:02,0
1821210,QSSVGSDLF,HLA-B*44:02,0
1821211,FCQRAGKIR,HLA-B*44:02,0
1821212,CPSRVLVQV,HLA-B*44:02,0
1821213,QHTFSDSQS,HLA-B*44:02,0
1821214,QPLEELAAE,HLA-B*44:02,0
1821215,REELEWQNR,HLA-B*44:02,0
1821216,HFGKVLLSE,HLA-B*44:02,0
1821217,DGDIVWGKV,HLA-B*44:02,0
1821218,NTESTRIMT,HLA-B*44:02,0
1821219,IYNLTGQRV,HLA-B*44:02,0
1821220,HVRETIDED,HLA-B*44:02,0
1821221,IYDPNNNRY,HLA-B*44:02,0
1821222,RSLKQMHLP,HLA-B*44:02,0
1821223,FFIYGTYLS,HLA-B*44:02,0
1821224,QVVDAARLQ,HLA-B*44:02,0
1821225,PHNSPSHNQ,HLA-B*44:02,0
1821226,RYRKEFLRQ,HLA-B*44:02,0
1821227,VLGDELDDL,HLA-B*44:02,0
1821228,PVVQSSQHL,HLA-B*44:02,0
1821229,RTTGGVLDF,HLA-B*44:02,0
1821230,IVKRWANFA,HLA-B*44:02,0
1821231,VFGFLPAMI,HLA-B*44:02,0
1821232,LDFYVFLGN,HLA-B*44:02,0
1821233,RPFTCATCG,HLA-B*44:02,0
1821234,EIAKAELDG,HLA-B*44:02,0
1821235,RLEMEKTGV,HLA-B*44:02,0
1821236,FIRKDHLRK,HLA-B*44:02,0
1821237,PAPLTGTLE,HLA-B*44:02,0
1821238,HFEDLESKT,HLA-B*44:02,0
1821239,RANCHKLFP,HLA-B*44:02,0
1821240,SLPTMTVSD,HLA-B*44:02,0
1821241,SLEKTLSQT,HLA-B*44:02,0
1821242,KNIVAKNGF,HLA-B*44:02,0
1821243,ISWDYIHYT,HLA-B*44:02,0
1821244,ALDDLVTVE,HLA-B*44:02,0
1821245,DEEMMELRE,HLA-B*44:02,0
1821246,YIFCVSGDF,HLA-B*44:02,0
1821247,PLHCGESQF,HLA-B*44:02,0
1821248,RRQQEGFKP,HLA-B*44:02,0
1821249,LYQHVLATL,HLA-B*44:02,0
1821250,VSKVVKGGS,HLA-B*44:02,0
1821251,TELKKQMAN,HLA-B*44:02,0
1821252,SGDFVKVYS,HLA-B*44:02,0
1821253,KKLGQHYKQ,HLA-B*44:02,0
1821254,AAPNPAKAT,HLA-B*44:02,0
1821255,RPEDTPSDL,HLA-B*44:02,0
1821256,AFLEQGGLR,HLA-B*44:02,0
1821257,LANFWHELH,HLA-B*44:02,0
1821258,SLRTNHIGW,HLA-B*44:02,0
1821259,LLTQIASLF,HLA-B*44:02,0
1821260,IHSPSDVLG,HLA-B*44:02,0
1821261,KFITLAAES,HLA-B*44:02,0
1821262,SSLYDEMVA,HLA-B*44:02,0
1821263,CIPIVAGIV,HLA-B*44:02,0
1821264,GDTPPFALG,HLA-B*44:02,0
1821265,LLYGGTSPT,HLA-B*44:02,0
1821266,CITKTRSMM,HLA-B*44:02,0
1821267,SMLEYHVPV,HLA-B*44:02,0
1821268,CYYSKNHSY,HLA-B*44:02,0
1821269,STVYNTVSE,HLA-B*44:02,0
1821270,KCVELETGM,HLA-B*44:02,0
1821271,AVSLLLLLF,HLA-B*44:02,0
1821272,YCKEKIYAG,HLA-B*44:02,0
1821273,VLLKAGMTV,HLA-B*44:02,0
1821274,VLGELAAEM,HLA-B*44:02,0
1821275,GVFVPRDVP,HLA-B*44:02,0
1821276,YELVRRGLR,HLA-B*44:02,0
1821277,NWKTWPIFN,HLA-B*44:02,0
1821278,GCSHPGGSA,HLA-B*44:02,0
1821279,KSIIGMMEF,HLA-B*44:02,0
1821280,NKKEYVHLV,HLA-B*44:02,0
1821281,ANNCYFSMK,HLA-B*44:02,0
1821282,NNSADASEK,HLA-B*44:02,0
1821283,APEKDMVSM,HLA-B*44:02,0
1821284,FFFPGRSVE,HLA-B*44:02,0
1821285,QTDTSEEGS,HLA-B*44:02,0
1821286,LLKEKQQRE,HLA-B*44:02,0
1821287,AAAASVSTQ,HLA-B*44:02,0
1821288,PSLSQLESS,HLA-B*44:02,0
1821289,QIASLFAVY,HLA-B*44:02,0
1821290,IYGHLFLWI,HLA-B*44:02,0
1821291,ETAGDSELF,HLA-B*44:02,0
1821292,VKPRIKKKT,HLA-B*44:02,0
1821293,LINRMKADG,HLA-B*44:02,0
1821294,GMGYGDRTS,HLA-B*44:02,0
1821295,IGVTCYWVT,HLA-B*44:02,0
1821296,LGDVVGDYN,HLA-B*44:02,0
1821297,EKLELENLQ,HLA-B*44:02,0
1821298,FWLHSCDTN,HLA-B*44:02,0
1821299,ERNARNVTA,HLA-B*44:02,0
1821300,NVGDWLIFD,HLA-B*44:02,0
1821301,GSIRHVVQD,HLA-B*44:02,0
1821302,VYDGKFLAR,HLA-B*44:02,0
1821303,DELDQIVES,HLA-B*44:02,0
1821304,NETCIPIVA,HLA-B*44:02,0
1821305,SLEVEELGL,HLA-B*44:02,0
1821306,GYGDRTSTF,HLA-B*44:02,0
1821307,ELLPARKIE,HLA-B*44:02,0
1821308,PELDSLMEG,HLA-B*44:02,0
1821309,TDSTGQQVV,HLA-B*44:02,0
1821310,EATSALAGL,HLA-B*44:02,0
1821311,QSTQVPERR,HLA-B*44:02,0
1821312,VWVAYENPD,HLA-B*44:02,0
1821313,VPSQTSPTV,HLA-B*44:02,0
1821314,LSEIPFGAF,HLA-B*44:02,0
1821315,YQHVLATLQ,HLA-B*44:02,0
1821316,SSSQEVEAK,HLA-B*44:02,0
1821317,KCMAAASSG,HLA-B*44:02,0
1821318,GRRPPQRPI,HLA-B*44:02,0
1821319,AQSKKTKSI,HLA-B*44:02,0
1821320,HNTIGTRRQ,HLA-B*44:02,0
1821321,CFDNGRCQI,HLA-B*44:02,0
1821322,FPDVVVNGS,HLA-B*44:02,0
1821323,SQPVPWDFY,HLA-B*44:02,0
1821324,LKEILNQMA,HLA-B*44:02,0
1821325,AFMYYMNDG,HLA-B*44:02,0
1821326,PTLELTDQI,HLA-B*44:02,0
1821327,SALPPRLRS,HLA-B*44:02,0
1821328,WQLLWLCTG,HLA-B*44:02,0
1821329,LELIGRPAL,HLA-B*44:02,0
1821330,TSVGSLQGL,HLA-B*44:02,0
1821331,TRLMSSEEW,HLA-B*44:02,0
1821332,ELHSTATQL,HLA-B*44:02,0
1821333,KEEEDDEQT,HLA-B*44:02,0
1821334,GPAGVGGAG,HLA-B*44:02,0
1821335,MQSTYNYNM,HLA-B*44:02,0
1821336,LTLEDFKFL,HLA-B*44:02,0
1821337,QKAVWQLLS,HLA-B*44:02,0
1821338,ERLVVVAEH,HLA-B*44:02,0
1821339,LVYGAPGFS,HLA-B*44:02,0
1821340,QYGRNMSSM,HLA-B*44:02,0
1821341,GLISITTCG,HLA-B*44:02,0
1821342,ASVSTQHGS,HLA-B*44:02,0
1821343,PLLQDPAYL,HLA-B*44:02,0
1821344,QNISELKDG,HLA-B*44:02,0
1821345,DNGAVHNDR,HLA-B*44:02,0
1821346,ELLLRWANY,HLA-B*44:02,0
1821347,SVGLDAVEL,HLA-B*44:02,0
1821348,IRPNYKWGY,HLA-B*44:02,0
1821349,GISPFLGND,HLA-B*44:02,0
1821350,TVYAWERGS,HLA-B*44:02,0
1821351,CNTSSFRQH,HLA-B*44:02,0
1821352,KNNQALKIV,HLA-B*44:02,0
1821353,LQKSVKHLL,HLA-B*44:02,0
1821354,NEQMTKYEM,HLA-B*44:02,0
1821355,LISETLKRI,HLA-B*44:02,0
1821356,RRITLRASN,HLA-B*44:02,0
1821357,VIKQIITSR,HLA-B*44:02,0
1821358,AGHPFLVNL,HLA-B*44:02,0
1821359,KLHTLEEFS,HLA-B*44:02,0
1821360,EVCDDERDC,HLA-B*44:02,0
1821361,DEPSTGVDP,HLA-B*44:02,0
1821362,HIIREDYLV,HLA-B*44:02,0
1821363,PEEIARWRE,HLA-B*44:02,0
1821364,PNQDDKADV,HLA-B*44:02,0
1821365,WENEQAVIE,HLA-B*44:02,0
1821366,TCAQCLSRI,HLA-B*44:02,0
1821367,NTSVSAGEE,HLA-B*44:02,0
1821368,PSFSGQPDK,HLA-B*44:02,0
1821369,VSGMVITPS,HLA-B*44:02,0
1821370,CFQTPEHVC,HLA-B*44:02,0
1821371,NGSEQGSYD,HLA-B*44:02,0
1821372,FLIVDGGVR,HLA-B*44:02,0
1821373,PYLYTLMQK,HLA-B*44:02,0
1821374,GVRYITEAL,HLA-B*44:02,0
1821375,PGEPSPCRP,HLA-B*44:02,0
1821376,LETNKTALN,HLA-B*44:02,0
1821377,LVQELGVPP,HLA-B*44:02,0
1821378,IARCEQMAQ,HLA-B*44:02,0
1821379,SEAAAPHTD,HLA-B*44:02,0
1821380,ARPPPTAGK,HLA-B*44:02,0
1821381,SLLAMSPEK,HLA-B*44:02,0
1821382,AVTYFQKSA,HLA-B*44:02,0
1821383,AGHEQEAFL,HLA-B*44:02,0
1821384,SNRSWHRGY,HLA-B*44:02,0
1821385,QKQIEEMEK,HLA-B*44:02,0
1821386,LREPARPER,HLA-B*44:02,0
1821387,KNRGKGRAK,HLA-B*44:02,0
1821388,ATKVEYDGE,HLA-B*44:02,0
1821389,VEPKRKEHS,HLA-B*44:02,0
1821390,KEGMGYGDR,HLA-B*44:02,0
1821391,DVSEKCIEV,HLA-B*44:02,0
1821392,VGRSTVTTK,HLA-B*44:02,0
1821393,LLQSTIRFK,HLA-B*44:02,0
1821394,QDPVSWDVA,HLA-B*44:02,0
1821395,PYSSPDNGE,HLA-B*44:02,0
1821396,PSDPERLLP,HLA-B*44:02,0
1821397,GWVREFLND,HLA-B*44:02,0
1821398,EHWIRAEDF,HLA-B*44:02,0
1821399,EDIIPPVEI,HLA-B*44:02,0
1821400,DFKRLFERY,HLA-B*44:02,0
1821401,QYYVQGRNQ,HLA-B*44:02,0
1821402,RKPELDSLM,HLA-B*44:02,0
1821403,AKIAKLGLK,HLA-B*44:02,0
1821404,EKLNETMER,HLA-B*44:02,0
1821405,RCFTRPAHL,HLA-B*44:02,0
1821406,YGTKIDSIL,HLA-B*44:02,0
1821407,ERRKNYPTL,HLA-B*44:02,0
1821408,SRILSLMGP,HLA-B*44:02,0
1821409,KVPRNEFGN,HLA-B*44:02,0
1821410,GFMASVFEN,HLA-B*44:02,0
1821411,PPPLSPAPL,HLA-B*44:02,0
1821412,LSWQQMDQN,HLA-B*44:02,0
1821413,EEAKVAFLK,HLA-B*44:02,0
1821414,HEHHSEHEH,HLA-B*44:02,0
1821415,KSVTLFGES,HLA-B*44:02,0
1821416,LVLSLQPIP,HLA-B*44:02,0
1821417,SISLDYQHL,HLA-B*44:02,0
1821418,EELANVQDH,HLA-B*44:02,0
1821419,FNYSPPHRR,HLA-B*44:02,0
1821420,IIPPVEIYS,HLA-B*44:02,0
1821421,QQYRHDMNW,HLA-B*44:02,0
1821422,GETEHRSYR,HLA-B*44:02,0
1821423,TISQPRILL,HLA-B*44:02,0
1821424,NGSLSQSSV,HLA-B*44:02,0
1821425,KVSQGKRKR,HLA-B*44:02,0
1821426,LKLDNLLLD,HLA-B*44:02,0
1821427,PEPVLYARS,HLA-B*44:02,0
1821428,QLRYSGMME,HLA-B*44:02,0
1821429,GQEEFRQAC,HLA-B*44:02,0
1821430,DGIENSRDS,HLA-B*44:02,0
1821431,TAGTVGRPK,HLA-B*44:02,0
1821432,RAFIYLQDS,HLA-B*44:02,0
1821433,CWQHRFPTG,HLA-B*44:02,0
1821434,PLPERLEVN,HLA-B*44:02,0
1821435,IKCLRNKDP,HLA-B*44:02,0
1821436,TGPPDPGTT,HLA-B*44:02,0
1821437,HIRKSGFPI,HLA-B*44:02,0
1821438,QNSALPSAS,HLA-B*44:02,0
1821439,TVPSLALET,HLA-B*44:02,0
1821440,FPIRYTFEE,HLA-B*44:02,0
1821441,LFHNQVEFD,HLA-B*44:02,0
1821442,FTPPAQDPK,HLA-B*44:02,0
1821443,AASPESKPS,HLA-B*44:02,0
1821444,ENVLLDVKE,HLA-B*44:02,0
1821445,RVYRMLPPL,HLA-B*44:02,0
1821446,GVPAVVIDM,HLA-B*44:02,0
1821447,FLKLLHIDK,HLA-B*44:02,0
1821448,HIKDEPPPL,HLA-B*44:02,0
1821449,DDAVFDDEV,HLA-B*44:02,0
1821450,LAITLRKAG,HLA-B*44:02,0
1821451,EENSKMEQS,HLA-B*44:02,0
1821452,NRVLFDSSI,HLA-B*44:02,0
1821453,VGRAKLNLA,HLA-B*44:02,0
1821454,EVSLTKAQL,HLA-B*44:02,0
1821455,TPELVTQQY,HLA-B*44:02,0
1821456,EQSVVADVS,HLA-B*44:02,0
1821457,SPSSGNHLA,HLA-B*44:02,0
1821458,LQDDNNLLK,HLA-B*44:02,0
1821459,ANAFPSTPV,HLA-B*44:02,0
1821460,KLQIASESQ,HLA-B*44:02,0
1821461,TPQGSFSTI,HLA-B*44:02,0
1821462,DFQNHLNHV,HLA-B*44:02,0
1821463,ATSTTSTTT,HLA-B*44:02,0
1821464,SYVQQLLSA,HLA-B*44:02,0
1821465,KKKILATPP,HLA-B*44:02,0
1821466,VVQTGRTCI,HLA-B*44:02,0
1821467,AQGVGRRSL,HLA-B*44:02,0
1821468,QEILLNEAF,HLA-B*44:02,0
1821469,DLLLARFGL,HLA-B*44:02,0
1821470,TGTIIWDSQ,HLA-B*44:02,0
1821471,YTPFGEHLG,HLA-B*44:02,0
1821472,MLLVTHILR,HLA-B*44:02,0
1821473,DVWDRYISW,HLA-B*44:02,0
1821474,TVMPSALVR,HLA-B*44:02,0
1821475,NVRKLQQEL,HLA-B*44:02,0
1821476,RWRLTEEDG,HLA-B*44:02,0
1821477,TYKDPNNLA,HLA-B*44:02,0
1821478,GKTTTISML,HLA-B*44:02,0
1821479,GEYRDWKAW,HLA-B*44:02,0
1821480,SKQLLAEES,HLA-B*44:02,0
1821481,LPGSDWTPN,HLA-B*44:02,0
1821482,PSSSEEDEG,HLA-B*44:02,0
1821483,LFGIPMVGP,HLA-B*44:02,0
1821484,LVKDRSIFT,HLA-B*44:02,0
1821485,FDGIWIDMN,HLA-B*44:02,0
1821486,PQTSPEYGQ,HLA-B*44:02,0
1821487,GYIEIWGVG,HLA-B*44:02,0
1821488,EKTPIKKPG,HLA-B*44:02,0
1821489,PLNIPSMPS,HLA-B*44:02,0
1821490,LKPMLLGRI,HLA-B*44:02,0
1821491,FSASLLGTL,HLA-B*44:02,0
1821492,EERDAGSGP,HLA-B*44:02,0
1821493,GESDRSKQP,HLA-B*44:02,0
1821494,ELMESGQAV,HLA-B*44:02,0
1821495,LVQQEMMFQ,HLA-B*44:02,0
1821496,RKCIKKDSG,HLA-B*44:02,0
1821497,LYTAEQAFV,HLA-B*44:02,0
1821498,NDNDFGKYS,HLA-B*44:02,0
1821499,FNSSHVRET,HLA-B*44:02,0
1821500,ILTNCQPYF,HLA-B*44:02,0
1821501,IPYPCFMKD,HLA-B*44:02,0
1821502,KTYLKDQHL,HLA-B*44:02,0
1821503,FLKVDKCIT,HLA-B*44:02,0
1821504,TEIIKCLRN,HLA-B*44:02,0
1821505,IAFFPFIVL,HLA-B*44:02,0
1821506,LGLEKLLKQ,HLA-B*44:02,0
1821507,ANKVYLLCE,HLA-B*44:02,0
1821508,AEAAKTVFP,HLA-B*44:02,0
1821509,QALGIQRRS,HLA-B*44:02,0
1821510,FRPSGELFA,HLA-B*44:02,0
1821511,LEGPPEANA,HLA-B*44:02,0
1821512,RDATEKNKE,HLA-B*44:02,0
1821513,VSLAQFYIS,HLA-B*44:02,0
1821514,GVLQRLGVT,HLA-B*44:02,0
1821515,ERSRQSYLI,HLA-B*44:02,0
1821516,EEFKQLEEA,HLA-B*44:02,0
1821517,TSWPVFKST,HLA-B*44:02,0
1821518,LESRDRGLS,HLA-B*44:02,0
1821519,ESWCVRRSK,HLA-B*44:02,0
1821520,SNANGISTP,HLA-B*44:02,0
1821521,LFTLAQAED,HLA-B*44:02,0
1821522,RRAVFSADS,HLA-B*44:02,0
1821523,SREMFNPMY,HLA-B*44:02,0
1821524,PLVTKTHLL,HLA-B*44:02,0
1821525,PTYEAVQEV,HLA-B*44:02,0
1821526,ILIMRLKLF,HLA-B*44:02,0
1821527,VTGTSKVPL,HLA-B*44:02,0
1821528,VLCNSIGTP,HLA-B*44:02,0
2877528,SENSVHKLL,HLA-B*44:02,1
2877529,LEKTFQTYW,HLA-B*44:02,1
2877530,RVINFSWAW,HLA-B*44:02,1
2877531,QEMLGEQGF,HLA-B*44:02,1
2877532,EEIISTHSL,HLA-B*44:02,1
2877533,VEAPASVDW,HLA-B*44:02,1
2877534,QENGTLKEI,HLA-B*44:02,1
2877535,GESFIHSSF,HLA-B*44:02,1
2877536,YEMMPNRTW,HLA-B*44:02,1
2877537,EEKENNKSF,HLA-B*44:02,1
2877538,LEQIMKDRW,HLA-B*44:02,1
2877539,EEGRYKQKF,HLA-B*44:02,1
2877540,AELLQDHQL,HLA-B*44:02,1
2877541,QEAALLTKW,HLA-B*44:02,1
2877542,DEIERTKQF,HLA-B*44:02,1
2877543,LEQLIVAHF,HLA-B*44:02,1
2877544,SEGQITRRM,HLA-B*44:02,1
2877545,HEVDQFLNF,HLA-B*44:02,1
2877546,QEFVRNHQY,HLA-B*44:02,1
2877547,QEEERDGQY,HLA-B*44:02,1
2877548,EEALRADGF,HLA-B*44:02,1
2877549,EEGQRYIQF,HLA-B*44:02,1
2877550,EESSAVQYF,HLA-B*44:02,1
2877551,EELHGDANW,HLA-B*44:02,1
2877552,EEESQRLSW,HLA-B*44:02,1
2877553,EEQLPQYRL,HLA-B*44:02,1
2877554,EEKNISSKY,HLA-B*44:02,1
2877555,QEGKPKRTL,HLA-B*44:02,1
2877556,EEINSIMTF,HLA-B*44:02,1
2877557,SEQISQERY,HLA-B*44:02,1
2877558,NESILDQVW,HLA-B*44:02,1
2877559,EEQVSKNLF,HLA-B*44:02,1
2877560,EESTIRYSW,HLA-B*44:02,1
2877561,KEEGAGLGF,HLA-B*44:02,1
2877562,EEEDPLVHL,HLA-B*44:02,1
2877563,EESIIMSSF,HLA-B*44:02,1
2877564,NEETFLKKY,HLA-B*44:02,1
2877565,QDGMPGRSW,HLA-B*44:02,1
2877566,EDFEQKYNF,HLA-B*44:02,1
2877567,EEKRDDKSW,HLA-B*44:02,1
2877568,EENQNALKF,HLA-B*44:02,1
2877569,GEMEKSRRY,HLA-B*44:02,1
2877570,QEAKPRATW,HLA-B*44:02,1
2877571,NEIVSLLTW,HLA-B*44:02,1
2877572,AESKPKRAI,HLA-B*44:02,1
2877573,EEIQNHPWM,HLA-B*44:02,1
2877574,EEAEGAVGY,HLA-B*44:02,1
2877575,TEVASNRIY,HLA-B*44:02,1
2877576,NEHEVSKRW,HLA-B*44:02,1
2877577,VEESIYDEF,HLA-B*44:02,1
2877578,SLSHDTQQW,HLA-B*44:02,1
2877579,AENFIQHNL,HLA-B*44:02,1
2877580,EELPEFKSF,HLA-B*44:02,1
2877581,EEGKISTSL,HLA-B*44:02,1
2877582,QERKTQYSW,HLA-B*44:02,1
2877583,DEMAKTAQW,HLA-B*44:02,1
2877584,QEARILKQY,HLA-B*44:02,1
2877585,EEIENHPWL,HLA-B*44:02,1
2877586,QEEEPCPRF,HLA-B*44:02,1
2877587,GEVLYAHKF,HLA-B*44:02,1
2877588,EEENPVHKI,HLA-B*44:02,1
2877589,EESDEKQRF,HLA-B*44:02,1
2877590,AEEDLRTLF,HLA-B*44:02,1
2877591,EEKKEEKTW,HLA-B*44:02,1
2877592,AETSLAHRL,HLA-B*44:02,1
2877593,IENHILKLF,HLA-B*44:02,1
2877594,EEAQQVVHW,HLA-B*44:02,1
2877595,LEFAVVHNY,HLA-B*44:02,1
2877596,NEGKGQKEY,HLA-B*44:02,1
2877597,VEQMKAQVW,HLA-B*44:02,1
2877598,EEDLSSHYL,HLA-B*44:02,1
2877599,EEKLIVVAF,HLA-B*44:02,1
2877600,SETQLNKFY,HLA-B*44:02,1
2877601,EEFSRAAEK,HLA-B*44:02,1
2877602,QEAIWQRVY,HLA-B*44:02,1
2877603,AEHLTSCYW,HLA-B*44:02,1
2877604,TESALSKKL,HLA-B*44:02,1
2877605,EEQGKVYVY,HLA-B*44:02,1
2877606,EEKKELQVF,HLA-B*44:02,1
2877607,SENHNNNTF,HLA-B*44:02,1
2877608,EEKKIDRFF,HLA-B*44:02,1
2877609,VEQDAQALF,HLA-B*44:02,1
2877610,AEPLQSVLW,HLA-B*44:02,1
2877611,QEQQVQVEM,HLA-B*44:02,1
2877612,EEINFGKLI,HLA-B*44:02,1
2877613,QEQKKRVCW,HLA-B*44:02,1
2877614,EERAVSDSF,HLA-B*44:02,1
2877615,AEMSKHPGL,HLA-B*44:02,1
2877616,EEKREVFSY,HLA-B*44:02,1
2877617,VEIEQKKSL,HLA-B*44:02,1
2877618,SESGLRGHF,HLA-B*44:02,1
2877619,SEELDQKTF,HLA-B*44:02,1
2877620,EENRKLQKM,HLA-B*44:02,1
2877621,EERGENTSY,HLA-B*44:02,1
2877622,AERKAQVYY,HLA-B*44:02,1
2877623,LENGIVRLW,HLA-B*44:02,1
2877624,EEMNFLRRY,HLA-B*44:02,1
2877625,GEETPRRGF,HLA-B*44:02,1
2877626,EEEASFWKI,HLA-B*44:02,1
2877627,EEEARRLRW,HLA-B*44:02,1
2877628,EGGKVPIKW,HLA-B*44:02,1
2877629,EEQLRGLGF,HLA-B*44:02,1
2877630,HEIDGKALF,HLA-B*44:02,1
2877631,QEIYQELTW,HLA-B*44:02,1
2877632,TEIGVSYQY,HLA-B*44:02,1
2877633,AEWLRALHL,HLA-B*44:02,1
2877634,IEHIRKQNW,HLA-B*44:02,1
2877635,QENKRLVGF,HLA-B*44:02,1
2877636,SEPWTQRSF,HLA-B*44:02,1
2877637,NEQESMARL,HLA-B*44:02,1
2877638,MESPIVRSL,HLA-B*44:02,1
2877639,EEKFNVDGW,HLA-B*44:02,1
2877640,AEEPNSSSW,HLA-B*44:02,1
2877641,EEIKQERRL,HLA-B*44:02,1
2877642,AETPDLFKL,HLA-B*44:02,1
2877643,NEEDAGKMF,HLA-B*44:02,1
2877644,QDSLVGQRY,HLA-B*44:02,1
2877645,LEADLKHRF,HLA-B*44:02,1
2877646,EDDFWFRGF,HLA-B*44:02,1
2877647,EETQAEHNL,HLA-B*44:02,1
2877648,SEQDIRPRF,HLA-B*44:02,1
2877649,AELIYKEFF,HLA-B*44:02,1
2877650,EEQESRVHY,HLA-B*44:02,1
2877651,SEQSVTQSF,HLA-B*44:02,1
2877652,SESFQGHGY,HLA-B*44:02,1
2877653,EEGNPRLWY,HLA-B*44:02,1
2877654,SENEKNAAY,HLA-B*44:02,1
2877655,TEENVKVLF,HLA-B*44:02,1
2877656,REVLKEHEW,HLA-B*44:02,1
2877657,NEGLVPRTY,HLA-B*44:02,1
2877658,EESPRPRVI,HLA-B*44:02,1
2877659,EEGFVVKYF,HLA-B*44:02,1
2877660,EEEEDVKLL,HLA-B*44:02,1
2877661,EEEARLASF,HLA-B*44:02,1
2877662,TENELKKLQ,HLA-B*44:02,1
2877663,EENVKKNRY,HLA-B*44:02,1
2877664,EEQAQQIRL,HLA-B*44:02,1
2877665,KEKVGEVTY,HLA-B*44:02,1
2877666,DENPESQEM,HLA-B*44:02,1
2877667,EEGNLKPEF,HLA-B*44:02,1
2877668,MEMDPKPDL,HLA-B*44:02,1
2877669,EEQIIIHDF,HLA-B*44:02,1
2877670,NEQPNRVEI,HLA-B*44:02,1
2877671,EEEKLRKEM,HLA-B*44:02,1
2877672,AQIQIRVMY,HLA-B*44:02,1
2877673,NELQSIQRL,HLA-B*44:02,1
2877674,EETLQHEKI,HLA-B*44:02,1
2877675,HDLLRPRGW,HLA-B*44:02,1
2877676,QDNGLEGLG,HLA-B*44:02,1
2877677,EEIAFDSSL,HLA-B*44:02,1
2877678,SEDKKHAKF,HLA-B*44:02,1
2877679,AELNHNVTY,HLA-B*44:02,1
2877680,EEEAGVKEL,HLA-B*44:02,1
2877681,EEEEGSWRL,HLA-B*44:02,1
2877682,EETHSIFLW,HLA-B*44:02,1
2877683,TEQKGEQQI,HLA-B*44:02,1
2877684,EEGPKEMTL,HLA-B*44:02,1
2877685,EEMRKAGIF,HLA-B*44:02,1
2877686,NEGDQVVLI,HLA-B*44:02,1
2877687,SEESFKQYF,HLA-B*44:02,1
2877688,AERFSPQSW,HLA-B*44:02,1
2877689,AEGLLFPNF,HLA-B*44:02,1
2877690,EEKTAAEQF,HLA-B*44:02,1
2877691,QESAPKASL,HLA-B*44:02,1
2877692,EEGASGHSF,HLA-B*44:02,1
2877693,GESPGLHHF,HLA-B*44:02,1
2877694,KESGKQHGF,HLA-B*44:02,1
2877695,AEGESRQKF,HLA-B*44:02,1
2877696,EENKRIGEF,HLA-B*44:02,1
2877697,EEADHTVGF,HLA-B*44:02,1
2877698,NEHSQTCDW,HLA-B*44:02,1
2877699,AENYLNALF,HLA-B*44:02,1
2877700,SESEETRKL,HLA-B*44:02,1
2877701,SETANIQRM,HLA-B*44:02,1
2877702,ADFGLARLY,HLA-B*44:02,1
2877703,SEMERYRSF,HLA-B*44:02,1
2877704,EEIKWQQEL,HLA-B*44:02,1
2877705,SEGSFSQSF,HLA-B*44:02,1
2877706,EEITAIVKM,HLA-B*44:02,1
2877707,SEALRSASY,HLA-B*44:02,1
2877708,GDMTAKRMS,HLA-B*44:02,0
2877709,KQNLEAILH,HLA-B*44:02,0
2877710,VAFTPYAPE,HLA-B*44:02,0
2877711,PEIESLSRY,HLA-B*44:02,0
2877712,WRLHQKHVF,HLA-B*44:02,0
2877713,ARPPGGGAA,HLA-B*44:02,0
2877714,AAKKRITGF,HLA-B*44:02,0
2877715,ELNLVAHAD,HLA-B*44:02,0
2877716,IIILAIIAK,HLA-B*44:02,0
2877717,ELQKESDQK,HLA-B*44:02,0
2877718,SICKCIGCK,HLA-B*44:02,0
2877719,DFKWARDMG,HLA-B*44:02,0
2877720,EPASQATAA,HLA-B*44:02,0
2877721,GFRGSDDSD,HLA-B*44:02,0
2877722,NKFELNTYP,HLA-B*44:02,0
2877723,FGFDDLVRD,HLA-B*44:02,0
2877724,VQQEEQWLF,HLA-B*44:02,0
2877725,SHGCLPATR,HLA-B*44:02,0
2877726,GFGNWQDVA,HLA-B*44:02,0
2877727,NVVILNGEK,HLA-B*44:02,0
2877728,FRVASLHTR,HLA-B*44:02,0
2877729,LSLTSGDVT,HLA-B*44:02,0
2877730,HVRTHTGIK,HLA-B*44:02,0
2877731,EDSSGSFGF,HLA-B*44:02,0
2877732,KVKPPRPRA,HLA-B*44:02,0
2877733,SFSKTRRAI,HLA-B*44:02,0
2877734,QTAKKYGTK,HLA-B*44:02,0
2877735,GYPKDISNY,HLA-B*44:02,0
2877736,KAIGLQKIE,HLA-B*44:02,0
2877737,QRGEGDEKE,HLA-B*44:02,0
2877738,AIGLPLPSS,HLA-B*44:02,0
2877739,SQVVDPKLN,HLA-B*44:02,0
2877740,RKGKSEVEE,HLA-B*44:02,0
2877741,WASLLTLFL,HLA-B*44:02,0
2877742,DKSLCMLSR,HLA-B*44:02,0
2877743,GPLLKLLPL,HLA-B*44:02,0
2877744,TLPFWAVNA,HLA-B*44:02,0
2877745,APSRHYFAL,HLA-B*44:02,0
2877746,YCSSKFAAV,HLA-B*44:02,0
2877747,WPAYRLPVV,HLA-B*44:02,0
2877748,NGETMLGTN,HLA-B*44:02,0
2877749,TSRPPWAVD,HLA-B*44:02,0
2877750,TGSHVGELI,HLA-B*44:02,0
2877751,PCLDRWGQE,HLA-B*44:02,0
2877752,VKTVPGASD,HLA-B*44:02,0
2877753,LPPLLGSVD,HLA-B*44:02,0
2877754,YLLSHPSDP,HLA-B*44:02,0
2877755,GLYRSIFRL,HLA-B*44:02,0
2877756,HLLRKRDYK,HLA-B*44:02,0
2877757,VLGSALMIA,HLA-B*44:02,0
2877758,KMAGRCHAF,HLA-B*44:02,0
2877759,PNGYYFAID,HLA-B*44:02,0
2877760,ELEIEKERL,HLA-B*44:02,0
2877761,ETQFYIAET,HLA-B*44:02,0
2877762,HDLVGAMHV,HLA-B*44:02,0
2877763,AAHELGHSL,HLA-B*44:02,0
2877764,KKWDTCAPE,HLA-B*44:02,0
2877765,NGTYGQVYK,HLA-B*44:02,0
2877766,GSVTEDTWL,HLA-B*44:02,0
2877767,PRETYLSEK,HLA-B*44:02,0
2877768,ICGITSVAF,HLA-B*44:02,0
2877769,FEGDLKVPR,HLA-B*44:02,0
2877770,FYQWKDVDN,HLA-B*44:02,0
2877771,LLLARNYIL,HLA-B*44:02,0
2877772,ETCLNIGQM,HLA-B*44:02,0
2877773,NWSKNKKTY,HLA-B*44:02,0
2877774,PQNLYTLWG,HLA-B*44:02,0
2877775,GFVTFENSA,HLA-B*44:02,0
2877776,RASDWKLDQ,HLA-B*44:02,0
2877777,VEGATGETR,HLA-B*44:02,0
2877778,LPYGTEVDI,HLA-B*44:02,0
2877779,IKTDKVFEV,HLA-B*44:02,0
2877780,TPNLWKDAH,HLA-B*44:02,0
2877781,RIYAERRGD,HLA-B*44:02,0
2877782,QPQPQCPLQ,HLA-B*44:02,0
2877783,VSHSGPYIP,HLA-B*44:02,0
2877784,ADTSANEMV,HLA-B*44:02,0
2877785,INAQKIVLI,HLA-B*44:02,0
2877786,ESGASHLSF,HLA-B*44:02,0
2877787,SDDFLGQTI,HLA-B*44:02,0
2877788,SFSQSYKLV,HLA-B*44:02,0
2877789,KGACILNML,HLA-B*44:02,0
2877790,EPQQRAAHV,HLA-B*44:02,0
2877791,VSSVVPHNF,HLA-B*44:02,0
2877792,FTDAGPDSD,HLA-B*44:02,0
2877793,IVLWSFLLA,HLA-B*44:02,0
2877794,KVFSSAKYP,HLA-B*44:02,0
2877795,DTATSSSLS,HLA-B*44:02,0
2877796,ALGYSHSSA,HLA-B*44:02,0
2877797,EVCRQFQRG,HLA-B*44:02,0
2877798,ALDIKVLTQ,HLA-B*44:02,0
2877799,SVESLTAQN,HLA-B*44:02,0
2877800,LMQLDDGTL,HLA-B*44:02,0
2877801,GGHEMVVTG,HLA-B*44:02,0
2877802,LLLLILTPG,HLA-B*44:02,0
2877803,GLLTEKNEL,HLA-B*44:02,0
2877804,PENDSLFYN,HLA-B*44:02,0
2877805,LFYLGLTMV,HLA-B*44:02,0
2877806,NGQKLLEQV,HLA-B*44:02,0
2877807,KAVLELYSN,HLA-B*44:02,0
2877808,CPLCMEPLE,HLA-B*44:02,0
2877809,KYNHLNLFL,HLA-B*44:02,0
2877810,EVLDHEERV,HLA-B*44:02,0
2877811,EQEWKAFAA,HLA-B*44:02,0
2877812,IQFALTGMR,HLA-B*44:02,0
2877813,GMRGAGLSC,HLA-B*44:02,0
2877814,EENKVSNGL,HLA-B*44:02,0
2877815,KPYECNKCG,HLA-B*44:02,0
2877816,LQELCWEYY,HLA-B*44:02,0
2877817,ELPPAAGAL,HLA-B*44:02,0
2877818,GARALLNAE,HLA-B*44:02,0
2877819,KFFPMSGVM,HLA-B*44:02,0
2877820,QAEQFSFVS,HLA-B*44:02,0
2877821,YDSTSYYSA,HLA-B*44:02,0
2877822,GGDYGGTQY,HLA-B*44:02,0
2877823,NNSTDVQHI,HLA-B*44:02,0
2877824,VFIVKMWRL,HLA-B*44:02,0
2877825,EQNVLNWKE,HLA-B*44:02,0
2877826,GSLGLSDYS,HLA-B*44:02,0
2877827,DYSFVTEEN,HLA-B*44:02,0
2877828,TKFGEVVDC,HLA-B*44:02,0
2877829,SAMGFTSVG,HLA-B*44:02,0
2877830,IQPDLRELM,HLA-B*44:02,0
2877831,VGMGSWCFH,HLA-B*44:02,0
2877832,AQYKCPVAM,HLA-B*44:02,0
2877833,KVLARHFSA,HLA-B*44:02,0
2877834,RVECIKSFG,HLA-B*44:02,0
2877835,PKAPPFPKA,HLA-B*44:02,0
2877836,LTYGAKSCP,HLA-B*44:02,0
2877837,PLDLTVNRM,HLA-B*44:02,0
2877838,EAMARITGA,HLA-B*44:02,0
2877839,SVTPVLRGQ,HLA-B*44:02,0
2877840,NCYPAGVNI,HLA-B*44:02,0
2877841,GFGPGKPPP,HLA-B*44:02,0
2877842,LPNCDPDDP,HLA-B*44:02,0
2877843,LSELPQLSL,HLA-B*44:02,0
2877844,QELKAKYPN,HLA-B*44:02,0
2877845,DLHGKILKS,HLA-B*44:02,0
2877846,LLFPVAPCC,HLA-B*44:02,0
2877847,ITTWQDPRK,HLA-B*44:02,0
2877848,LRKSILQRG,HLA-B*44:02,0
2877849,AKVAASDWT,HLA-B*44:02,0
2877850,ALIQEWTPE,HLA-B*44:02,0
2877851,FPSHSGLYP,HLA-B*44:02,0
2877852,LLLADGSNV,HLA-B*44:02,0
2877853,LNANPGLTH,HLA-B*44:02,0
2877854,EGVRQKAGY,HLA-B*44:02,0
2877855,VSGTVGTYR,HLA-B*44:02,0
2877856,SIKDISFHL,HLA-B*44:02,0
2877857,SKMNSTLVG,HLA-B*44:02,0
2877858,ENNGLEPPD,HLA-B*44:02,0
2877859,PVTLYHLLK,HLA-B*44:02,0
2877860,PRPKPVARK,HLA-B*44:02,0
2877861,VQVLKYCSC,HLA-B*44:02,0
2877862,NLTYAADLV,HLA-B*44:02,0
2877863,SASSHSSSS,HLA-B*44:02,0
2877864,PQEITHCHD,HLA-B*44:02,0
2877865,INDRQSFNE,HLA-B*44:02,0
2877866,CGLLTLASE,HLA-B*44:02,0
2877867,YGGIFLYPA,HLA-B*44:02,0
2877868,VTFQGETEN,HLA-B*44:02,0
2877869,EAAQRESRG,HLA-B*44:02,0
2877870,CYLQKTRPP,HLA-B*44:02,0
2877871,CSKDEVDLD,HLA-B*44:02,0
2877872,QKILEAPDF,HLA-B*44:02,0
2877873,EWLRDGHAD,HLA-B*44:02,0
2877874,ALPERAELA,HLA-B*44:02,0
2877875,ETKESKKED,HLA-B*44:02,0
2877876,PRTEYWTIV,HLA-B*44:02,0
2877877,TKGDNNAVD,HLA-B*44:02,0
2877878,EIYQEALKQ,HLA-B*44:02,0
2877879,ETGGAVFDH,HLA-B*44:02,0
2877880,VIHDAWSGL,HLA-B*44:02,0
2877881,RCLFCCGPA,HLA-B*44:02,0
2877882,QEPVYSVAF,HLA-B*44:02,0
2877883,DGDMFNYYK,HLA-B*44:02,0
2877884,VAEVIKFYF,HLA-B*44:02,0
2877885,VKLQFDMMR,HLA-B*44:02,0
2877886,WAHASTSAM,HLA-B*44:02,0
2877887,GSCWAFGAV,HLA-B*44:02,0
2877888,LERWTRMAR,HLA-B*44:02,0
2877889,SRFCPPRKS,HLA-B*44:02,0
2877890,DNENYPNVK,HLA-B*44:02,0
2877891,RSYLFLDIE,HLA-B*44:02,0
2877892,QGLVHRDIK,HLA-B*44:02,0
2877893,GWKQVEDAT,HLA-B*44:02,0
2877894,QLSSNSLYA,HLA-B*44:02,0
2877895,SFVDESHIR,HLA-B*44:02,0
2877896,LTVVVNNIA,HLA-B*44:02,0
2877897,LLTPAKAEW,HLA-B*44:02,0
2877898,RIMGYSMQE,HLA-B*44:02,0
2877899,QATSNVVCS,HLA-B*44:02,0
2877900,YYKVILTVL,HLA-B*44:02,0
2877901,LSGLIDFTR,HLA-B*44:02,0
2877902,NPKQKIAAE,HLA-B*44:02,0
2877903,VDHKKRKIR,HLA-B*44:02,0
2877904,PVDFLLPTG,HLA-B*44:02,0
2877905,EQVGLAIRS,HLA-B*44:02,0
2877906,SKLPSGKNI,HLA-B*44:02,0
2877907,KFGFEIIET,HLA-B*44:02,0
2877908,HTNLKHGKT,HLA-B*44:02,0
2877909,VLLRGNLPE,HLA-B*44:02,0
2877910,KAVCEETLK,HLA-B*44:02,0
2877911,YFHVVGGTI,HLA-B*44:02,0
2877912,IDYINERNA,HLA-B*44:02,0
2877913,VEQEQLLAS,HLA-B*44:02,0
2877914,RKFRKIDYS,HLA-B*44:02,0
2877915,PEELSKDKS,HLA-B*44:02,0
2877916,QDELYIHSE,HLA-B*44:02,0
2877917,TGQEVAQAQ,HLA-B*44:02,0
2877918,ALSSLPLED,HLA-B*44:02,0
2877919,IPPPPPLSS,HLA-B*44:02,0
2877920,NGEEAVTVL,HLA-B*44:02,0
2877921,RGPLQTKAK,HLA-B*44:02,0
2877922,LWRQRQEWQ,HLA-B*44:02,0
2877923,VLTLLYCRL,HLA-B*44:02,0
2877924,SRDLIDYVR,HLA-B*44:02,0
2877925,YERVDTTKV,HLA-B*44:02,0
2877926,VEDLAKIPR,HLA-B*44:02,0
2877927,PEDMSKEQV,HLA-B*44:02,0
2877928,SPKTAKTNK,HLA-B*44:02,0
2877929,WGGQAETER,HLA-B*44:02,0
2877930,MSDGKEITF,HLA-B*44:02,0
2877931,EDSGLRDHS,HLA-B*44:02,0
2877932,VHVRASHDG,HLA-B*44:02,0
2877933,PWINAACVC,HLA-B*44:02,0
2877934,RMTIYVQMP,HLA-B*44:02,0
2877935,LLMPAASVD,HLA-B*44:02,0
2877936,PPARSPSQD,HLA-B*44:02,0
2877937,PGRTLVSSK,HLA-B*44:02,0
2877938,DLIILITFG,HLA-B*44:02,0
2877939,DIAEAEAEW,HLA-B*44:02,0
2877940,CENELQRKK,HLA-B*44:02,0
2877941,AHHPLHKGD,HLA-B*44:02,0
2877942,NDQRKVSQG,HLA-B*44:02,0
2877943,KGSRCVARF,HLA-B*44:02,0
2877944,ELLKLTETV,HLA-B*44:02,0
2877945,PPTSARIIC,HLA-B*44:02,0
2877946,KFCKIRVRS,HLA-B*44:02,0
2877947,TKSTGQINL,HLA-B*44:02,0
2877948,REGNVKVSR,HLA-B*44:02,0
2877949,KGAKLRPNY,HLA-B*44:02,0
2877950,YEIAMAWNL,HLA-B*44:02,0
2877951,YRDDGKEGL,HLA-B*44:02,0
2877952,GSNRCTNPT,HLA-B*44:02,0
2877953,EAAVGLSCP,HLA-B*44:02,0
2877954,QEADIQVEQ,HLA-B*44:02,0
2877955,GHWKIVQIL,HLA-B*44:02,0
2877956,PTKKKTPRD,HLA-B*44:02,0
2877957,TVGRIRFHD,HLA-B*44:02,0
2877958,TDLEILAAI,HLA-B*44:02,0
2877959,ERLINKPGP,HLA-B*44:02,0
2877960,ESHYKELLT,HLA-B*44:02,0
2877961,PNSDSGQDA,HLA-B*44:02,0
2877962,GSCLPREGI,HLA-B*44:02,0
2877963,SRSTFHAGQ,HLA-B*44:02,0
2877964,LASISSPVV,HLA-B*44:02,0
2877965,GAMLDMLTD,HLA-B*44:02,0
2877966,AVRHSHEKP,HLA-B*44:02,0
2877967,TRHKKIHAG,HLA-B*44:02,0
2877968,NQQYHKLFK,HLA-B*44:02,0
2877969,VTDSINWAS,HLA-B*44:02,0
2877970,TPSGAPTCC,HLA-B*44:02,0
2877971,QSIIHLSLD,HLA-B*44:02,0
2877972,WRALRRLWD,HLA-B*44:02,0
2877973,EQVKKRRYD,HLA-B*44:02,0
2877974,ERSQQGGLR,HLA-B*44:02,0
2877975,RSIAIYLGI,HLA-B*44:02,0
2877976,KSTPKLNGS,HLA-B*44:02,0
2877977,SSHLSKHLL,HLA-B*44:02,0
2877978,QDQLDAELE,HLA-B*44:02,0
2877979,TSVFGVGLK,HLA-B*44:02,0
2877980,GRKEPEAPG,HLA-B*44:02,0
2877981,HGDLSGWAK,HLA-B*44:02,0
2877982,SGLLYAGDK,HLA-B*44:02,0
2877983,VMSVYFDLS,HLA-B*44:02,0
2877984,EQELVGALA,HLA-B*44:02,0
2877985,VNEIFMAIA,HLA-B*44:02,0
2877986,HHPVFQQES,HLA-B*44:02,0
2877987,AEATLLQLG,HLA-B*44:02,0
2877988,GDAGFGRSS,HLA-B*44:02,0
2877989,AYIREDCPT,HLA-B*44:02,0
2877990,KAKMLGTPE,HLA-B*44:02,0
2877991,PGPHVALAV,HLA-B*44:02,0
2877992,PSSVGTSTS,HLA-B*44:02,0
2877993,QRFDRIAHT,HLA-B*44:02,0
2877994,PDEISIQKC,HLA-B*44:02,0
2877995,FLGKLACVD,HLA-B*44:02,0
2877996,NCTKSLCLK,HLA-B*44:02,0
2877997,RECLQALEF,HLA-B*44:02,0
2877998,TPNSGGTPF,HLA-B*44:02,0
2877999,AFSCSSSIR,HLA-B*44:02,0
2878000,RLKILRLEE,HLA-B*44:02,0
2878001,ALLSNTVGT,HLA-B*44:02,0
2878002,LPWTCASRA,HLA-B*44:02,0
2878003,QRKRRKSVT,HLA-B*44:02,0
2878004,KSFRRISFS,HLA-B*44:02,0
2878005,HSLKEHEYR,HLA-B*44:02,0
2878006,YTFLYWLPL,HLA-B*44:02,0
2878007,TLDPKVTGC,HLA-B*44:02,0
2878008,RRGKKKLQK,HLA-B*44:02,0
2878009,CSNGLSSRL,HLA-B*44:02,0
2878010,AAGGTGGSG,HLA-B*44:02,0
2878011,GELLAMFED,HLA-B*44:02,0
2878012,QRRRQQQQQ,HLA-B*44:02,0
2878013,HTQGLVPEH,HLA-B*44:02,0
2878014,TGTVSAAVR,HLA-B*44:02,0
2878015,SSGKMVCTG,HLA-B*44:02,0
2878016,VTSVGWSER,HLA-B*44:02,0
2878017,ADVVIRAKA,HLA-B*44:02,0
2878018,GQGQRYLNR,HLA-B*44:02,0
2878019,KPYICEECG,HLA-B*44:02,0
2878020,ELTRLLEFY,HLA-B*44:02,0
2878021,NKHNELTGD,HLA-B*44:02,0
2878022,YNYLPDGQG,HLA-B*44:02,0
2878023,DYFLKDEYE,HLA-B*44:02,0
2878024,APPLCNLQP,HLA-B*44:02,0
2878025,NSGFNPDEI,HLA-B*44:02,0
2878026,PQDYVATVA,HLA-B*44:02,0
2878027,RKLGDLVEK,HLA-B*44:02,0
2878028,AWLMLVEKM,HLA-B*44:02,0
2878029,ICHPLTYMT,HLA-B*44:02,0
2878030,CLFIWLSMN,HLA-B*44:02,0
2878031,VQADSKGTV,HLA-B*44:02,0
2878032,WHQDWQKEP,HLA-B*44:02,0
2878033,LAHAPTKGL,HLA-B*44:02,0
2878034,IRRKSELAA,HLA-B*44:02,0
2878035,TTRHNYYFI,HLA-B*44:02,0
2878036,IQTAQTTPV,HLA-B*44:02,0
2878037,DLYRMKSRH,HLA-B*44:02,0
2878038,AAMLFCGFI,HLA-B*44:02,0
2878039,DTVPVIAVS,HLA-B*44:02,0
2878040,PFNQWGLQP,HLA-B*44:02,0
2878041,SNHRLLITG,HLA-B*44:02,0
2878042,SDDGVSDLE,HLA-B*44:02,0
2878043,HYLQWILDK,HLA-B*44:02,0
2878044,KNIQDNRVH,HLA-B*44:02,0
2878045,KPFKCNECG,HLA-B*44:02,0
2878046,MVSRPEPEG,HLA-B*44:02,0
2878047,LKRQKEQAL,HLA-B*44:02,0
2878048,HRKSLCHAK,HLA-B*44:02,0
2878049,TRIFLQVTS,HLA-B*44:02,0
2878050,GNMAREGLR,HLA-B*44:02,0
2878051,RVLQTLVWF,HLA-B*44:02,0
2878052,YLVSFVIVT,HLA-B*44:02,0
2878053,EQGPKHHPP,HLA-B*44:02,0
2878054,EGLDITQDM,HLA-B*44:02,0
2878055,CILARVGAG,HLA-B*44:02,0
2878056,FPPSPGPSP,HLA-B*44:02,0
2878057,AHVMASHHS,HLA-B*44:02,0
2878058,YIENTNQGN,HLA-B*44:02,0
2878059,TKAEMLERV,HLA-B*44:02,0
2878060,HSTSDLSDA,HLA-B*44:02,0
2878061,ENCGDTSGW,HLA-B*44:02,0
2878062,SYDILTGHI,HLA-B*44:02,0
2878063,RGELARAVV,HLA-B*44:02,0
2878064,PKGAEGPIE,HLA-B*44:02,0
2878065,AMEDLQDMF,HLA-B*44:02,0
2878066,ALQPKGGLF,HLA-B*44:02,0
2878067,NEKSKTSDS,HLA-B*44:02,0
2878068,EAVFVPECG,HLA-B*44:02,0
2878069,RTNPSQLNA,HLA-B*44:02,0
2878070,EPGSSPPQR,HLA-B*44:02,0
2878071,LYNKYITLF,HLA-B*44:02,0
2878072,STLKDDQKS,HLA-B*44:02,0
2878073,GGNGENAVF,HLA-B*44:02,0
2878074,VVVGVPPSA,HLA-B*44:02,0
2878075,ESPTLAASS,HLA-B*44:02,0
2878076,AENYEGHTP,HLA-B*44:02,0
2878077,VANGTQGKL,HLA-B*44:02,0
2878078,PSRTVLFER,HLA-B*44:02,0
2878079,RLSCLDGTP,HLA-B*44:02,0
2878080,VNLTMADML,HLA-B*44:02,0
2878081,ECGRAFGHT,HLA-B*44:02,0
2878082,NFVLPEEII,HLA-B*44:02,0
2878083,GQWAQREGV,HLA-B*44:02,0
2878084,MVFHPAREK,HLA-B*44:02,0
2878085,GVVETDSIL,HLA-B*44:02,0
2878086,VPAIKKPTL,HLA-B*44:02,0
2878087,VLQKSVIIG,HLA-B*44:02,0
2878088,SLDCSKGSI,HLA-B*44:02,0
2878089,GMCSLWFTA,HLA-B*44:02,0
2878090,QASHLGGAV,HLA-B*44:02,0
2878091,SHLLPFAFL,HLA-B*44:02,0
2878092,QQKPQDLSR,HLA-B*44:02,0
2878093,RNTSNHRAS,HLA-B*44:02,0
2878094,PPERDLITP,HLA-B*44:02,0
2878095,RFRTAKKLY,HLA-B*44:02,0
2878096,YFVDYITDI,HLA-B*44:02,0
2878097,ESEPFLYEI,HLA-B*44:02,0
2878098,PFVNMKHLL,HLA-B*44:02,0
2878099,AKHVESRKD,HLA-B*44:02,0
2878100,DPERLPKEV,HLA-B*44:02,0
2878101,LKGLDPARV,HLA-B*44:02,0
2878102,SHNIKHVGL,HLA-B*44:02,0
2878103,YPSPQLLVQ,HLA-B*44:02,0
2878104,GHPMKPHRL,HLA-B*44:02,0
2878105,KQYSHPNIV,HLA-B*44:02,0
2878106,QRHLSIAQE,HLA-B*44:02,0
2878107,MDSLLIAGQ,HLA-B*44:02,0
2878108,DTPFHGSWG,HLA-B*44:02,0
2878109,LSTQRGSLH,HLA-B*44:02,0
2878110,EEVQLKTEN,HLA-B*44:02,0
2878111,ASRRSGQVL,HLA-B*44:02,0
2878112,PVSIIQKYG,HLA-B*44:02,0
2878113,AKDNELWTP,HLA-B*44:02,0
2878114,APSSKQVNG,HLA-B*44:02,0
2878115,APYLLHGKY,HLA-B*44:02,0
2878116,TVVLEAVNR,HLA-B*44:02,0
2878117,LVLFGATLV,HLA-B*44:02,0
2878118,FPLESWQIG,HLA-B*44:02,0
2878119,LCPDLMEIA,HLA-B*44:02,0
2878120,LASIVSLHA,HLA-B*44:02,0
2878121,LSHVFFKQM,HLA-B*44:02,0
2878122,KVHKKIHTG,HLA-B*44:02,0
2878123,SIVFGIHPR,HLA-B*44:02,0
2878124,RLSLATVLL,HLA-B*44:02,0
2878125,TEFRIPPRL,HLA-B*44:02,0
2878126,AVTGYTDPY,HLA-B*44:02,0
2878127,VSERTEAFT,HLA-B*44:02,0
2878128,ELEEKNRSI,HLA-B*44:02,0
2878129,PGPGDPPPS,HLA-B*44:02,0
2878130,VQQLLASEP,HLA-B*44:02,0
2878131,TWVEGTVGT,HLA-B*44:02,0
2878132,KREPKLNEN,HLA-B*44:02,0
2878133,RLALRAMRL,HLA-B*44:02,0
2878134,LQVVFGNVL,HLA-B*44:02,0
2878135,PYEAQQSEP,HLA-B*44:02,0
2878136,SQNYWEMCS,HLA-B*44:02,0
2878137,VGSAGRLLA,HLA-B*44:02,0
2878138,DIVDISDEI,HLA-B*44:02,0
2878139,HIQLKDVIS,HLA-B*44:02,0
2878140,EAYTKQKYP,HLA-B*44:02,0
2878141,KEADQLKQD,HLA-B*44:02,0
2878142,EDYKLGVDG,HLA-B*44:02,0
2878143,AMTRELVSC,HLA-B*44:02,0
2878144,RKHYLLPAI,HLA-B*44:02,0
2878145,VFGLGGELF,HLA-B*44:02,0
2878146,AQFDISVAS,HLA-B*44:02,0
2878147,YVASQAEQN,HLA-B*44:02,0
2878148,CSPALVRVI,HLA-B*44:02,0
2878149,TVDHLKMLQ,HLA-B*44:02,0
2878150,EGTGLAGVL,HLA-B*44:02,0
2878151,EVKPKMVVA,HLA-B*44:02,0
2878152,YFQDIQMML,HLA-B*44:02,0
2878153,RIISKAPCM,HLA-B*44:02,0
2878154,PHRTFRFNE,HLA-B*44:02,0
2878155,FSPAEIENI,HLA-B*44:02,0
2878156,KAGASIVGV,HLA-B*44:02,0
2878157,AVGLLGIAL,HLA-B*44:02,0
2878158,WMRRVTQRK,HLA-B*44:02,0
2878159,SGSFGGNEG,HLA-B*44:02,0
2878160,TIRVRGSIR,HLA-B*44:02,0
2878161,LDLPERIAA,HLA-B*44:02,0
2878162,DKQQLKDDI,HLA-B*44:02,0
2878163,FVYVWKTWG,HLA-B*44:02,0
2878164,TLLGYTAAI,HLA-B*44:02,0
2878165,CVFAELLSG,HLA-B*44:02,0
2878166,SPENTHAAN,HLA-B*44:02,0
2878167,ALEKIHRLS,HLA-B*44:02,0
2878168,ELTKARKKP,HLA-B*44:02,0
2878169,AKVQPYLDD,HLA-B*44:02,0
2878170,LCLWDEDPY,HLA-B*44:02,0
2878171,IFYTSKLWS,HLA-B*44:02,0
2878172,LKKLQEAFD,HLA-B*44:02,0
2878173,RAQEGLRPG,HLA-B*44:02,0
2878174,SIRYWPSLA,HLA-B*44:02,0
2878175,TSGKCSNPA,HLA-B*44:02,0
2878176,KIYEASIKS,HLA-B*44:02,0
2878177,GDSRAILCR,HLA-B*44:02,0
2878178,ANPRGENVV,HLA-B*44:02,0
2878179,SRLCELESP,HLA-B*44:02,0
2878180,LAKDSAAFF,HLA-B*44:02,0
2878181,ENTPKAVLL,HLA-B*44:02,0
2878182,EQEQEPEPH,HLA-B*44:02,0
2878183,LSHKTPKSE,HLA-B*44:02,0
2878184,FLILVSTLA,HLA-B*44:02,0
2878185,QAAWATAIP,HLA-B*44:02,0
2878186,CKYLRVNPV,HLA-B*44:02,0
2878187,PAVQPDAAL,HLA-B*44:02,0
2878188,QGCQAGQTI,HLA-B*44:02,0
2878189,MELSPPMEV,HLA-B*44:02,0
2878190,IAEYDSPQN,HLA-B*44:02,0
2878191,DNSTCYMDA,HLA-B*44:02,0
2878192,LSDEQIHTI,HLA-B*44:02,0
2878193,QQQQLLQGY,HLA-B*44:02,0
2878194,DAEAALLKG,HLA-B*44:02,0
2878195,LSKGKPAEC,HLA-B*44:02,0
2878196,YAAAMSGAG,HLA-B*44:02,0
2878197,QQKPIYIVT,HLA-B*44:02,0
2878198,DGAWPMFSE,HLA-B*44:02,0
2878199,PELLGVMRR,HLA-B*44:02,0
2878200,MAEPGGRGD,HLA-B*44:02,0
2878201,TQDCLQLIA,HLA-B*44:02,0
2878202,TAIGFAIMG,HLA-B*44:02,0
2878203,SLQDLLSQL,HLA-B*44:02,0
2878204,PPYLDNEKS,HLA-B*44:02,0
2878205,TCTWPPAPP,HLA-B*44:02,0
2878206,ELGQLTFLG,HLA-B*44:02,0
2878207,REKKNKKHQ,HLA-B*44:02,0
2878208,MSLPSSRAA,HLA-B*44:02,0
2878209,AHRQHHHFQ,HLA-B*44:02,0
2878210,VLPQLSMVK,HLA-B*44:02,0
2878211,TFGIWTLLS,HLA-B*44:02,0
2878212,AYYRGAVGA,HLA-B*44:02,0
2878213,EIEVPYKFV,HLA-B*44:02,0
2878214,GGILQMYYE,HLA-B*44:02,0
2878215,YNTGKFTCI,HLA-B*44:02,0
2878216,AKYFPEYAE,HLA-B*44:02,0
2878217,QELCQPRCA,HLA-B*44:02,0
2878218,RDAPFQLET,HLA-B*44:02,0
2878219,FSGAVDSTV,HLA-B*44:02,0
2878220,QSSKCRTVL,HLA-B*44:02,0
2878221,TKEKPKPTP,HLA-B*44:02,0
2878222,ALGDIQESP,HLA-B*44:02,0
2878223,GAWSDSVGR,HLA-B*44:02,0
2878224,TMEIFDIEP,HLA-B*44:02,0
2878225,PSRGPLPPP,HLA-B*44:02,0
2878226,CFEANAKAP,HLA-B*44:02,0
2878227,MLNGCTPLH,HLA-B*44:02,0
2878228,SLLTLENLI,HLA-B*44:02,0
2878229,TPWMPPTMA,HLA-B*44:02,0
2878230,GLAQLSCLI,HLA-B*44:02,0
2878231,YCQAKLNEL,HLA-B*44:02,0
2878232,HVNLITPLE,HLA-B*44:02,0
2878233,SFEFNDGAI,HLA-B*44:02,0
2878234,EELAAAMVR,HLA-B*44:02,0
2878235,EGGQPWTEA,HLA-B*44:02,0
2878236,AEDEGDLDT,HLA-B*44:02,0
2878237,YQSSTRSPS,HLA-B*44:02,0
2878238,KPKPWSKRW,HLA-B*44:02,0
2878239,ETENDSKDA,HLA-B*44:02,0
2878240,LTARSISTP,HLA-B*44:02,0
2878241,TLFGNLLSS,HLA-B*44:02,0
2878242,KEGDEEIKS,HLA-B*44:02,0
2878243,FLTLFTAKF,HLA-B*44:02,0
2878244,RKHRRRRRR,HLA-B*44:02,0
2878245,PCRQPLGAR,HLA-B*44:02,0
2878246,PHGAGHLAF,HLA-B*44:02,0
2878247,PPGPLASAG,HLA-B*44:02,0
2878248,ECDITKGKH,HLA-B*44:02,0
2878249,YIPSKTDLG,HLA-B*44:02,0
2878250,EVSRIVGSV,HLA-B*44:02,0
2878251,DNKFLTCTE,HLA-B*44:02,0
2878252,NQNYINGYM,HLA-B*44:02,0
2878253,DGGAIPAFI,HLA-B*44:02,0
2878254,LGLKQQIED,HLA-B*44:02,0
2878255,KTPEKQDIC,HLA-B*44:02,0
2878256,AMKMHYISC,HLA-B*44:02,0
2878257,EEERRRREE,HLA-B*44:02,0
2878258,GTSEIICLG,HLA-B*44:02,0
2878259,RDPFECNIC,HLA-B*44:02,0
2878260,SGWWQGELQ,HLA-B*44:02,0
2878261,APSGHIEGF,HLA-B*44:02,0
2878262,PTSLLTISK,HLA-B*44:02,0
2878263,VEEHLDSEI,HLA-B*44:02,0
2878264,SVALQLFSW,HLA-B*44:02,0
2878265,HGEDFHILS,HLA-B*44:02,0
2878266,AFNCSSSLR,HLA-B*44:02,0
2878267,FSVFHLAAS,HLA-B*44:02,0
2878268,KGALRKLIN,HLA-B*44:02,0
2878269,GLALRAVDR,HLA-B*44:02,0
2878270,LQQELADTL,HLA-B*44:02,0
2878271,QFGKDAYVY,HLA-B*44:02,0
2878272,SHRQDAARQ,HLA-B*44:02,0
2878273,KTVPGYLRI,HLA-B*44:02,0
2878274,FANPEDALR,HLA-B*44:02,0
2878275,QEAQQILNV,HLA-B*44:02,0
2878276,RLQERRGSN,HLA-B*44:02,0
2878277,EQKQPFSIE,HLA-B*44:02,0
2878278,IVIRTTELD,HLA-B*44:02,0
2878279,EDDEDGGNA,HLA-B*44:02,0
2878280,EEEIPNEIR,HLA-B*44:02,0
2878281,RKLTLLVAQ,HLA-B*44:02,0
2878282,VVLMVMGIT,HLA-B*44:02,0
2878283,WSSSSDRTR,HLA-B*44:02,0
2878284,DKMMECHFR,HLA-B*44:02,0
2878285,TGDGKSHTL,HLA-B*44:02,0
2878286,CLKHMITKV,HLA-B*44:02,0
2878287,LSTVPQMYC,HLA-B*44:02,0
2878288,DAGLLDEVI,HLA-B*44:02,0
2878289,STNPKPQRK,HLA-B*44:02,0
2878290,SPAARPSPE,HLA-B*44:02,0
2878291,VPEKLGYAL,HLA-B*44:02,0
2878292,WFFCTAFRK,HLA-B*44:02,0
2878293,LALENTEIP,HLA-B*44:02,0
2878294,ERRRLEEEP,HLA-B*44:02,0
2878295,EPGLGMEHC,HLA-B*44:02,0
2878296,KLQEEQRKQ,HLA-B*44:02,0
2878297,VVVKLGHAH,HLA-B*44:02,0
2878298,NFRPYVSIP,HLA-B*44:02,0
2878299,TDSSTVESI,HLA-B*44:02,0
2878300,PRHVRPPLV,HLA-B*44:02,0
2878301,NLYQLEGNN,HLA-B*44:02,0
2878302,RGFEADISP,HLA-B*44:02,0
2878303,TEFAVDLYQ,HLA-B*44:02,0
2878304,IIKNMSFEN,HLA-B*44:02,0
2878305,GRAREAYPL,HLA-B*44:02,0
2878306,ATAPLANGR,HLA-B*44:02,0
2878307,LWLFDIDRD,HLA-B*44:02,0
2878308,GENARVIAG,HLA-B*44:02,0
2878309,EEFYFEIPR,HLA-B*44:02,0
2878310,LRFRQSSVG,HLA-B*44:02,0
2878311,RRGAINSKQ,HLA-B*44:02,0
2878312,PSSPLTPTF,HLA-B*44:02,0
2878313,HVVALEEVF,HLA-B*44:02,0
2878314,PKTPTMMVF,HLA-B*44:02,0
2878315,SANSTNADT,HLA-B*44:02,0
2878316,QADPEVGTA,HLA-B*44:02,0
2878317,QLEKMKEKA,HLA-B*44:02,0
2878318,AFGCNTRRK,HLA-B*44:02,0
2878319,VVIIAVGVF,HLA-B*44:02,0
2878320,IMCRLISDF,HLA-B*44:02,0
2878321,HAGTYEVRF,HLA-B*44:02,0
2878322,FVIKDPDEV,HLA-B*44:02,0
2878323,ASSFFKELR,HLA-B*44:02,0
2878324,RLLLTFGAK,HLA-B*44:02,0
2878325,LLWVIREDQ,HLA-B*44:02,0
2878326,GLVRKCTEW,HLA-B*44:02,0
2878327,SWQKAAHGD,HLA-B*44:02,0
2878328,ASTSEANPE,HLA-B*44:02,0
2878329,GYVISKDIV,HLA-B*44:02,0
2878330,LIDLLIKSN,HLA-B*44:02,0
2878331,SLHGGIDQY,HLA-B*44:02,0
2878332,LFFVGGVAE,HLA-B*44:02,0
2878333,PLSMLLSGI,HLA-B*44:02,0
2878334,NRGIMYYLI,HLA-B*44:02,0
2878335,KNTERGVLL,HLA-B*44:02,0
2878336,DSASTEEAM,HLA-B*44:02,0
2878337,DADVDSEMD,HLA-B*44:02,0
2878338,AAAKASFSS,HLA-B*44:02,0
2878339,PNTPNNTTT,HLA-B*44:02,0
2878340,IPVYVKHSI,HLA-B*44:02,0
2878341,ENFRSERLK,HLA-B*44:02,0
2878342,IGGAAEEVG,HLA-B*44:02,0
2878343,KRNRRLSHP,HLA-B*44:02,0
2878344,DLKMVDMRK,HLA-B*44:02,0
2878345,LAVLVASAP,HLA-B*44:02,0
2878346,HFPATPLLD,HLA-B*44:02,0
2878347,ALCSLLRHF,HLA-B*44:02,0
2878348,HEVQKLQCP,HLA-B*44:02,0
2878349,QSNDMSMNM,HLA-B*44:02,0
2878350,RALFEKRKR,HLA-B*44:02,0
2878351,NLPDRDALR,HLA-B*44:02,0
2878352,DCEVNNGSS,HLA-B*44:02,0
2878353,IDLQNLIDS,HLA-B*44:02,0
2878354,FDNKHTNYT,HLA-B*44:02,0
2878355,ITKCRLRLL,HLA-B*44:02,0
2878356,APKSRSPSP,HLA-B*44:02,0
2878357,DVLLKDDLS,HLA-B*44:02,0
2878358,DGDSEGTPV,HLA-B*44:02,0
2878359,LILEAIQQK,HLA-B*44:02,0
2878360,NLLPMKEDL,HLA-B*44:02,0
2878361,VRYHRYRLQ,HLA-B*44:02,0
2878362,EGLVYDTVF,HLA-B*44:02,0
2878363,HQLIENADA,HLA-B*44:02,0
2878364,GQDLNQGPK,HLA-B*44:02,0
2878365,QMLILTPFQ,HLA-B*44:02,0
2878366,KKVKVRPPP,HLA-B*44:02,0
2878367,LARDKHHLS,HLA-B*44:02,0
2878368,ALFGGCVSI,HLA-B*44:02,0
2878369,FDPSKEGTI,HLA-B*44:02,0
2878370,HYRQNGAQK,HLA-B*44:02,0
2878371,PRAVGKAGQ,HLA-B*44:02,0
2878372,CAEMISTWV,HLA-B*44:02,0
2878373,SNMTAERAN,HLA-B*44:02,0
2878374,SNFKDVGSK,HLA-B*44:02,0
2878375,YVDAGPPTH,HLA-B*44:02,0
2878376,ECGKVFRRN,HLA-B*44:02,0
2878377,WQGEFPVTN,HLA-B*44:02,0
2878378,LYGRDRGIF,HLA-B*44:02,0
2878379,PPPLLPSVL,HLA-B*44:02,0
2878380,YLYHRSFGP,HLA-B*44:02,0
2878381,SDLLTDFVQ,HLA-B*44:02,0
2878382,QQCYCYCGG,HLA-B*44:02,0
2878383,KALSQRTIT,HLA-B*44:02,0
2878384,IKCHLKTHS,HLA-B*44:02,0
2878385,KIPPAPTKP,HLA-B*44:02,0
2878386,LSMLQDMNF,HLA-B*44:02,0
2878387,QRREVAKTV,HLA-B*44:02,0
2878388,APTRGSARA,HLA-B*44:02,0
2878389,IVTIVVIML,HLA-B*44:02,0
2878390,EYYAAIKND,HLA-B*44:02,0
2878391,SDCIFAFET,HLA-B*44:02,0
2878392,MPRDGESEK,HLA-B*44:02,0
2878393,FGAEPQPVN,HLA-B*44:02,0
2878394,NKMPILISK,HLA-B*44:02,0
2878395,RGMPKVEKV,HLA-B*44:02,0
2878396,FIYEEEGSG,HLA-B*44:02,0
2878397,DRGPDHEYV,HLA-B*44:02,0
2878398,IFKIITKED,HLA-B*44:02,0
2878399,SSKEGELDA,HLA-B*44:02,0
2878400,PQIDYTVMV,HLA-B*44:02,0
2878401,QEVAFYQLQ,HLA-B*44:02,0
2878402,EGCENKISA,HLA-B*44:02,0
2878403,AAKLRGQKR,HLA-B*44:02,0
2878404,NTFTKLITV,HLA-B*44:02,0
2878405,EVTVSGGFS,HLA-B*44:02,0
2878406,AATKSLKQK,HLA-B*44:02,0
2878407,IEAIQDRLS,HLA-B*44:02,0
2878408,VALWWFIPE,HLA-B*44:02,0
2878409,LKCYSRARD,HLA-B*44:02,0
2878410,QGQSPEPRT,HLA-B*44:02,0
2878411,LKKREYGSK,HLA-B*44:02,0
2878412,KSKELHLQI,HLA-B*44:02,0
2878413,VEKISMKIK,HLA-B*44:02,0
2878414,SLEEFHVFV,HLA-B*44:02,0
2878415,VRHEALLYT,HLA-B*44:02,0
2878416,HRLPEQHDC,HLA-B*44:02,0
2878417,LRCLEPSGN,HLA-B*44:02,0
2878418,EGNTLISVD,HLA-B*44:02,0
2878419,YPRVWPYRM,HLA-B*44:02,0
2878420,SDVKPQHRV,HLA-B*44:02,0
2878421,EFLEDPSVL,HLA-B*44:02,0
2878422,LIIISRPAR,HLA-B*44:02,0
2878423,EKLEQKSPD,HLA-B*44:02,0
2878424,LGESRHEVE,HLA-B*44:02,0
2878425,TGYYRWLQR,HLA-B*44:02,0
2878426,VLVEPDHFK,HLA-B*44:02,0
2878427,KVERLQKEL,HLA-B*44:02,0
2878428,SDKRRLEAR,HLA-B*44:02,0
2878429,VILTAPAGT,HLA-B*44:02,0
2878430,MFTVLRKFT,HLA-B*44:02,0
2878431,GTWNNGLQD,HLA-B*44:02,0
2878432,MCNSSCMGG,HLA-B*44:02,0
2878433,VFTQLEDDE,HLA-B*44:02,0
2878434,HYLKGKLRH,HLA-B*44:02,0
2878435,ATNVGSIRI,HLA-B*44:02,0
2878436,RTPLPPGAP,HLA-B*44:02,0
2878437,GYIHVLSLT,HLA-B*44:02,0
2878438,ELEEQFVKG,HLA-B*44:02,0
2878439,FFPEDEEEA,HLA-B*44:02,0
2878440,FENIGSILW,HLA-B*44:02,0
2878441,RPDRSRAAR,HLA-B*44:02,0
2878442,EAHLRKEKY,HLA-B*44:02,0
2878443,LDYLAKNGY,HLA-B*44:02,0
2878444,SKSGYHQSA,HLA-B*44:02,0
2878445,KLPLGFTFS,HLA-B*44:02,0
2878446,KGADAPAVS,HLA-B*44:02,0
2878447,DVSKCLIQE,HLA-B*44:02,0
2878448,ISLASSDPQ,HLA-B*44:02,0
2878449,QNFRPPTPP,HLA-B*44:02,0
2878450,DIAKTRIQN,HLA-B*44:02,0
2878451,GEFCGQKGT,HLA-B*44:02,0
2878452,FVLGVIANG,HLA-B*44:02,0
2878453,TRLHAAVAI,HLA-B*44:02,0
2878454,NSDQDLNES,HLA-B*44:02,0
2878455,FGQSKLYRS,HLA-B*44:02,0
2878456,KTLLECVRL,HLA-B*44:02,0
2878457,SAAPSSYTN,HLA-B*44:02,0
2878458,KADIDISGP,HLA-B*44:02,0
2878459,LAASSDMST,HLA-B*44:02,0
2878460,SYAQNAKVI,HLA-B*44:02,0
2878461,LDKKAAVSW,HLA-B*44:02,0
2878462,YAFIKRIKE,HLA-B*44:02,0
2878463,DCRFLPGGT,HLA-B*44:02,0
2878464,TSLVYLYSR,HLA-B*44:02,0
2878465,APEDPCFFC,HLA-B*44:02,0
2878466,ATACMAHVD,HLA-B*44:02,0
2878467,DLYTLGCGE,HLA-B*44:02,0
2878468,MDMNGKPTN,HLA-B*44:02,0
2878469,IKLALEKLK,HLA-B*44:02,0
2878470,SVEPSEVKQ,HLA-B*44:02,0
2878471,GQASELVVP,HLA-B*44:02,0
2878472,GRGPGRSGR,HLA-B*44:02,0
2878473,LDFHIMGNV,HLA-B*44:02,0
2878474,LRAELLDLK,HLA-B*44:02,0
2878475,IQSIIAIIR,HLA-B*44:02,0
2878476,ARDCPHISQ,HLA-B*44:02,0
2878477,AWVGLWTSM,HLA-B*44:02,0
2878478,KRYHQPGHE,HLA-B*44:02,0
2878479,HLEEKQGVS,HLA-B*44:02,0
2878480,TVHPTSNST,HLA-B*44:02,0
2878481,PLLSTVHPA,HLA-B*44:02,0
2878482,VKGKTIKEV,HLA-B*44:02,0
2878483,LPVIMIILM,HLA-B*44:02,0
2878484,FDFYSRYFA,HLA-B*44:02,0
2878485,DHLQKPLAG,HLA-B*44:02,0
2878486,VVKFCSLVC,HLA-B*44:02,0
2878487,DLSGITDSS,HLA-B*44:02,0
2878488,VASKALCEG,HLA-B*44:02,0
2878489,GVLVLDPTS,HLA-B*44:02,0
2878490,SRSREKNGD,HLA-B*44:02,0
2878491,LTTTQSKMF,HLA-B*44:02,0
2878492,EMNIQQLTN,HLA-B*44:02,0
2878493,LRDEEREVN,HLA-B*44:02,0
2878494,NGSQFYITL,HLA-B*44:02,0
2878495,KVGTLVGED,HLA-B*44:02,0
2878496,PAVTENKTV,HLA-B*44:02,0
2878497,NLNPAKRPR,HLA-B*44:02,0
2878498,SVTMILVAW,HLA-B*44:02,0
2878499,IQQQKQQQQ,HLA-B*44:02,0
2878500,KEDKNGHDG,HLA-B*44:02,0
2878501,RSLGCQRVT,HLA-B*44:02,0
2878502,PSANIPEHW,HLA-B*44:02,0
2878503,EKLYHMMMN,HLA-B*44:02,0
2878504,ARGIAIVSV,HLA-B*44:02,0
2878505,VSDNMTHLM,HLA-B*44:02,0
2878506,VVTRWLRAG,HLA-B*44:02,0
2878507,CPCFGEKVV,HLA-B*44:02,0
2878508,GKSKENAKA,HLA-B*44:02,0
2878509,QRYCNLQKY,HLA-B*44:02,0
2878510,IGRRKRREK,HLA-B*44:02,0
2878511,GAGIGLYSC,HLA-B*44:02,0
2878512,KLKVRTAYP,HLA-B*44:02,0
2878513,AIAEERGRL,HLA-B*44:02,0
2878514,DNIAGKSFQ,HLA-B*44:02,0
2878515,LQAFEFRVG,HLA-B*44:02,0
2878516,FVCWMPYHI,HLA-B*44:02,0
2878517,MGCRHSRLS,HLA-B*44:02,0
2878518,ALVTKDSVA,HLA-B*44:02,0
2878519,QGRPDSPVY,HLA-B*44:02,0
2878520,QTDVDHPLC,HLA-B*44:02,0
2878521,TRLEFPDFP,HLA-B*44:02,0
2878522,PLEANITLS,HLA-B*44:02,0
2878523,LRLSCDRPQ,HLA-B*44:02,0
2878524,GGRHPASAR,HLA-B*44:02,0
2878525,FVMCSAFAA,HLA-B*44:02,0
2878526,SQLLRGLGQ,HLA-B*44:02,0
2878527,TTEQPVTTT,HLA-B*44:02,0
2878528,CQLAAVDGG,HLA-B*44:02,0
2878529,NQEYTPQIE,HLA-B*44:02,0
2878530,VVQLDVRDN,HLA-B*44:02,0
2878531,AEVTNIKKT,HLA-B*44:02,0
2878532,LEAELQLAA,HLA-B*44:02,0
2878533,RHKKNLLEV,HLA-B*44:02,0
2878534,GSFCSRLII,HLA-B*44:02,0
2878535,DAEPGTLIY,HLA-B*44:02,0
